ticker,revenue_usd,employees,sector,industry,market_cap,fetch_error
MMM,25180000256,60500,Industrials,Conglomerates,85078728704,
AOS,3804900096,11500,Industrials,Specialty Industrial Machinery,7799793152,
ABT,46584999936,122000,Healthcare,Medical Devices,176412573696,
ABBV,64385998848,57000,Healthcare,Drug Manufacturers - General,454361186304,
ACN,73100591104,799000,Technology,Information Technology Services,112536141824,
ADBE,25198000128,31360,Technology,Software - Application,100261421056,
AMD,41305001984,31000,Technology,Semiconductors,842569351168,
AES,13054000128,8336,Utilities,Utilities - Diversified,10551757824,
AFL,18069000192,12716,Financial Services,Insurance - Life,57794854912,
A,7372000256,18200,Healthcare,Diagnostics & Research,41429237760,
APD,12602200064,21087,Basic Materials,Specialty Chemicals,64897245184,
ABNB,13159000064,8200,Consumer Cyclical,Travel Services,101907333120,
AKAM,4322833920,11000,Technology,Software - Infrastructure,15347496960,
ALB,5907904000,7800,Basic Materials,Specialty Chemicals,13867954176,
ARE,2840326912,514,Real Estate,REIT - Office,8800952320,
ALGN,4139532032,20435,Healthcare,Medical Instruments & Supplies,10714231808,
ALLE,4288499968,13300,Industrials,Security & Protection Services,13040391168,
LNT,4429000192,2948,Utilities,Utilities - Regulated Electric,17439490048,
ALL,70137004032,53000,Financial Services,Insurance - Property & Casualty,64152592384,
GOOGL,445865984000,198933,Communication Services,Internet Content & Information,4139833098240,
GOOG,445865984000,198933,Communication Services,Internet Content & Information,4102531842048,
MO,20444000256,5900,Consumer Defensive,Tobacco,115178938368,
AMZN,775680032768,1595000,Consumer Cyclical,Internet Retail,2769709432832,
AMCR,23505999872,75000,Consumer Cyclical,Packaging & Containers,19566469120,
AEE,8410999808,8913,Utilities,Utilities - Regulated Electric,29040859136,
AEP,22791000064,17581,Utilities,Utilities - Regulated Electric,67140530176,
AXP,70912999424,76800,Financial Services,Credit Services,219266351104,
AIG,26738999296,22100,Financial Services,Insurance - Diversified,39389544448,
AMT,10941500416,4866,Real Estate,REIT - Specialty,82871001088,
AWK,5283999744,7000,Utilities,Utilities - Regulated Water,27362996224,
AMP,19839000576,13600,Financial Services,Asset Management,49255481344,
AME,7863923200,22500,Industrials,Specialty Industrial Machinery,55451418624,
AMGN,38094999552,31500,Healthcare,Drug Manufacturers - General,204007489536,
APH,29011599360,170000,Technology,Electronic Components,206943928320,
ADI,13881744384,24500,Technology,Semiconductors,183543709696,
AON,17577000960,60000,Financial Services,Insurance Brokers,64208248832,
APA,8572000256,1791,Energy,Oil & Gas E&P,15671223296,
APO,35598000128,6140,Financial Services,Asset Management,76168257536,
AAPL,466822987776,150000,Technology,Consumer Electronics,4849207869440,
AMAT,30837000192,38900,Technology,Semiconductor Equipment & Materials,362269278208,
APP,6829124096,876,Communication Services,Advertising Agencies,108830965760,
APTV,20518000640,140000,Consumer Cyclical,Auto Parts,9455622144,
ACGL,19232000000,8000,Financial Services,Insurance - Diversified,32788705280,
ADM,82099003392,40798,Consumer Defensive,Farm Products,41795534848,
ARES,5987594752,4343,Financial Services,Asset Management,43674984448,
ANET,10540800000,5115,Technology,Computer Hardware,251727839232,
AJG,15109000192,67456,Financial Services,Insurance Brokers,61603868672,
AIZ,13456199680,14800,Financial Services,Insurance - Property & Casualty,13931991040,
T,127238995968,133030,Communication Services,Telecom Services,178573164544,
ATO,4921525760,5487,Utilities,Utilities - Regulated Gas,27577243648,
ADSK,7790000128,14300,Technology,Software - Application,44391600128,
ADP,21947400192,67000,Technology,Software - Application,106569711616,
AZO,19986403328,78000,Consumer Cyclical,Auto Parts,,
AVY,9248100352,35000,Consumer Cyclical,Packaging & Containers,12836996096,
AXON,3219098880,5100,Industrials,Aerospace & Defense,38940344320,
BKR,27725000704,54000,Energy,Oil & Gas Equipment & Services,58627330048,
BALL,14325999616,16000,Consumer Cyclical,Packaging & Containers,15855731712,
BAC,113931001856,211000,Financial Services,Banks - Diversified,438375383040,
BAX,11470000128,37500,Healthcare,Medical Instruments & Supplies,12304504832,
BDX,22484000768,72000,Healthcare,Medical Instruments & Supplies,48443998208,
BRK.B,384687013888,387800,Financial Services,Insurance - Diversified,1092553998336,
BBY,42201001984,82000,Consumer Cyclical,Specialty Retail,19043274752,
TECH,1215038976,3000,Healthcare,Biotechnology,11309731840,
BIIB,10027899904,7500,Healthcare,Drug Manufacturers - General,32084781056,
BLK,27299000320,26200,Financial Services,Asset Management,175417425920,
BX,15483307008,5285,Financial Services,Asset Management,153607716864,
XYZ,25041963008,10205,Technology,Software - Infrastructure,47588970496,
BNY,21415000064,46500,Financial Services,Banks - Diversified,110365483008,
BA,93994999808,182000,Industrials,Aerospace & Defense,166333366272,
BKNG,28241000448,25550,Consumer Cyclical,Travel Services,130680094720,
BSX,20995999744,59000,Healthcare,Medical Devices,62287884288,
BMY,49186000896,32500,Healthcare,Drug Manufacturers - General,129998356480,
AVGO,89103998976,33000,Technology,Semiconductors,1728006324224,
BR,7476800000,16000,Technology,Information Technology Services,19126018048,
BRO,6663000064,22888,Financial Services,Insurance Brokers,22147860480,
BF.B,3915000064,4900,Consumer Defensive,Beverages - Wineries & Distilleries,12031420416,
BLDR,14448703488,28000,Industrials,Building Products & Equipment,6495598080,
BG,91818999808,34000,Consumer Defensive,Farm Products,23517302784,
BXP,3190220032,826,Real Estate,REIT - Office,11702768640,
CHRW,16996511744,11599,Industrials,Integrated Freight & Logistics,17852534784,
CDNS,5837622784,15445,Technology,Software - Application,79690465280,
CPT,1581868032,1640,Real Estate,REIT - Residential,11921612800,
COF,48109998080,78400,Financial Services,Credit Services,127788900352,
CAH,254247993344,58788,Healthcare,Medical Distribution,54555291648,
CCL,27310999552,160000,Consumer Cyclical,Travel Services,31159517184,
CARR,22108000256,47000,Industrials,Building Products & Equipment,47365718016,
CVNA,25058000896,23100,Consumer Cyclical,Auto & Truck Dealerships,76661358592,
CASY,18672330752,23490,Consumer Cyclical,Specialty Retail,22747873280,
CAT,74728996864,118000,Industrials,Farm & Heavy Construction Machinery,376276058112,
CBOE,5061300224,1661,Financial Services,Financial Data & Stock Exchanges,29349294080,
CBRE,43711000576,155000,Real Estate,Real Estate Services,40688222208,
CDW,23500400640,14800,Technology,Information Technology Services,19226429440,
COR,332771328000,47000,Healthcare,Medical Distribution,61364293632,
CNC,180304003072,61100,Healthcare,Healthcare Plans,32811147264,
CNP,9619999744,8794,Utilities,Utilities - Regulated Electric,25762549760,
CF,7738999808,2900,Basic Materials,Agricultural Inputs,20138565632,
CRL,3998987008,18300,Healthcare,Diagnostics & Research,13403152384,
SCHW,26025000960,33700,Financial Services,Capital Markets,185471254528,
CHTR,54395998208,91900,Communication Services,Telecom Services,19646515200,
CVX,209383997440,43039,Energy,Oil & Gas Integrated,419900817408,
CMG,12423758848,140000,Consumer Cyclical,Restaurants,45808132096,
CB,61895999488,45000,Financial Services,Insurance - Property & Casualty,130496806912,
CHD,6229100032,5550,Consumer Defensive,Household & Personal Products,22332747776,
CIEN,6020894208,8898,Technology,Communication Equipment,49567752192,
CI,282382008320,65669,Healthcare,Healthcare Plans,74188161024,
CINF,13953999872,5705,Financial Services,Insurance - Property & Casualty,26060572672,
CTAS,11264760832,48100,Industrials,Specialty Business Services,80634167296,
CSCO,63324999680,82400,Technology,Communication Equipment,442082263040,
C,81711996928,219000,Financial Services,Banks - Diversified,232861794304,
CFG,8160999936,17727,Financial Services,Banks - Regional,29684541440,
CLX,6720000000,9200,Consumer Defensive,Household & Personal Products,10612905984,
CME,6757199872,3875,Financial Services,Financial Data & Stock Exchanges,99078471680,
CMS,8812999680,8350,Utilities,Utilities - Regulated Electric,21056706560,
KO,50128998400,65900,Consumer Defensive,Beverages - Non-Alcoholic,379872051200,
CTSH,21642000384,356700,Technology,Information Technology Services,27026653184,
COHR,7118180864,51478,Technology,Scientific & Technical Instruments,59801288704,
COIN,6043752960,4951,Financial Services,Financial Data & Stock Exchanges,46240059392,
CL,21046999040,33600,Consumer Defensive,Household & Personal Products,69194604544,
CMCSA,124903997440,179000,Communication Services,Telecom Services,89425649664,
FIX,11228023808,22700,Industrials,Engineering & Construction,59507273728,
COP,64459001856,9600,Energy,Oil & Gas E&P,165003706368,
ED,17688999936,15407,Utilities,Utilities - Regulated Electric,39371956224,
STZ,9056700416,9400,Consumer Defensive,Beverages - Brewers,20914993152,
CEG,31270000640,15291,Utilities,Utilities - Independent Power Producers,100889026560,
COO,4236900096,15000,Healthcare,Medical Instruments & Supplies,10251272192,
CPRT,4666208768,,Industrials,Specialty Business Services,27728054272,
GLW,16963999744,67200,Technology,Electronic Components,143335014400,
CPAY,5020502016,11800,Technology,Software - Infrastructure,26803562496,
CTVA,17812000768,21500,Basic Materials,Agricultural Inputs,55977746432,
CSGP,3556000000,8441,Real Estate,Real Estate Services,12342318080,
COST,293586993152,341000,Consumer Defensive,Discount Stores,401246322688,
CRH,38632001536,83032,Basic Materials,Building Materials,58910941184,
CRWD,5396145152,11706,Technology,Software - Infrastructure,211688292352,
CCI,4160999936,1500,Real Estate,REIT - Specialty,33045940224,
CSX,14512000000,22200,Industrials,Railroads,90678648832,
CMI,34708000768,67400,Industrials,Specialty Industrial Machinery,76644696064,
CVS,412644999168,219000,Healthcare,Healthcare Plans,121067339776,
DHR,25106999296,58000,Healthcare,Diagnostics & Research,140695633920,
DRI,13210900480,209931,Consumer Cyclical,Restaurants,23831279616,
DDOG,3966725120,8100,Technology,Software - Application,79430983680,
DVA,14009646080,78000,Healthcare,Medical Care Facilities,11582889984,
DECK,5527288832,6000,Consumer Cyclical,Footwear & Accessories,11067498496,
DE,47927001088,73100,Industrials,Farm & Heavy Construction Machinery,182196666368,
DELL,151197007872,97000,Technology,Computer Hardware,360690188288,
DAL,68287000576,103000,Industrials,Airlines,52550660096,
DVN,18780999680,2200,Energy,Oil & Gas E&P,55253000192,
DXCM,4969200128,11000,Healthcare,Medical Devices,31332263936,
FANG,16248000512,1762,Energy,Oil & Gas E&P,57395654656,
DLR,6757036032,4282,Real Estate,REIT - Specialty,71219822592,
DG,43637997568,194000,Consumer Defensive,Discount Stores,27484438528,
DLTR,20068700160,150000,Consumer Defensive,Discount Stores,22172272640,
D,18119000064,15200,Utilities,Utilities - Regulated Electric,56606289920,
DPZ,5027814912,6200,Consumer Cyclical,Restaurants,10308269056,
DASH,15891000320,31400,Consumer Cyclical,Internet Retail,87504519168,
DOV,8420563968,24000,Industrials,Specialty Industrial Machinery,25461297152,
DOW,41318998016,32800,Basic Materials,Chemicals,20969551872,
DHI,33350000640,14341,Consumer Cyclical,Residential Construction,38568009728,
DTE,16465000448,9592,Utilities,Utilities - Regulated Electric,27588315136,
DUK,32803000320,26441,Utilities,Utilities - Regulated Electric,93112033280,
DD,6988000256,15000,Basic Materials,Specialty Chemicals,17149107200,
ETN,30026000384,97303,Industrials,Specialty Industrial Machinery,165213700096,
EBAY,12007999488,12300,Consumer Cyclical,Internet Retail,47948750848,
ECHO,14653925376,12100,Communication Services,Telecom Services,27056306176,
ECL,16842500096,48000,Basic Materials,Specialty Chemicals,77421150208,
EIX,19423000576,13725,Utilities,Utilities - Regulated Electric,21549582336,
EW,6512300032,16000,Healthcare,Medical Devices,48630870016,
ELV,201113993216,96129,Healthcare,Healthcare Plans,90807508992,
EME,18597775360,44000,Industrials,Engineering & Construction,34434834432,
EMR,18635999232,71000,Industrials,Specialty Industrial Machinery,84891582464,
ETR,13482226688,12000,Utilities,Utilities - Regulated Electric,50324303872,
EOG,26720999424,3400,Energy,Oil & Gas E&P,77294624768,
EQT,9293919232,1523,Energy,Oil & Gas E&P,33821650944,
EFX,6444499968,15000,Industrials,Consulting Services,19854948352,
EQIX,9904000000,13716,Real Estate,REIT - Specialty,102393577472,
ERIE,4119469056,6667,Financial Services,Insurance Brokers,12812585984,
ESS,1980775936,1686,Real Estate,REIT - Residential,18812475392,
EL,15048999936,37950,Consumer Defensive,Household & Personal Products,35137875968,
EG,16824999936,3064,Financial Services,Insurance - Reinsurance,14252378112,
EVRG,6093899776,4691,Utilities,Utilities - Regulated Electric,18818893824,
ES,13998372864,10731,Utilities,Utilities - Regulated Electric,25809752064,
EXC,25326000128,20571,Utilities,Utilities - Regulated Electric,44465762304,
EXE,12657999872,1600,Energy,Oil & Gas E&P,21953505280,
EXPE,15699999744,16000,Consumer Cyclical,Travel Services,33705799680,
EXPD,12036001792,20389,Industrials,Integrated Freight & Logistics,25036195840,
EXR,3511115008,8393,Real Estate,REIT - Industrial,30377498624,
XOM,361060007936,57900,Energy,Oil & Gas Integrated,682536271872,
FFIV,3309331968,6512,Technology,Software - Infrastructure,23313977344,
FDS,2438458880,12694,Financial Services,Financial Data & Stock Exchanges,9236726784,
FICO,2393574912,3876,Technology,Software - Application,21282095104,
FAST,8749400064,22230,Industrials,Industrial Distribution,56594579456,
FRT,1335422976,314,Real Estate,REIT - Retail,9997160448,
FDX,94720000000,300000,Industrials,Integrated Freight & Logistics,73838804992,
FDXF,8794999808,40000,Industrials,Integrated Freight & Logistics,19184670720,
FERG,31446200320,35000,Industrials,Industrial Distribution,43050967040,
FIS,12199999488,44000,Technology,Information Technology Services,19669022720,
FITB,10094999552,25197,Financial Services,Banks - Regional,49625161728,
FSLR,5378071040,7900,Technology,Solar,22464409600,
FE,15635999744,11186,Utilities,Utilities - Regulated Electric,26692661248,
FISV,21193000000,,,,27428528128,manually backfilled from yf.Ticker('FISV').income_stmt Total Revenue (FY2025) -- .info returns null revenue/employees for this ticker likely due to the 2023 FISV->FI rename; sector/industry left blank since estimate_tier2.py uses GICS from sp500_constituents.csv instead
FLEX,29266999296,149686,Technology,Electronic Components,42769477632,
F,187972993024,169000,Consumer Cyclical,Auto Manufacturers,55706714112,
FTNT,7527399936,15472,Technology,Software - Infrastructure,114510700544,
FTV,4315800064,10000,Technology,Scientific & Technical Instruments,16517312512,
FOXA,17125999616,10550,Communication Services,Entertainment,27723646976,
FOX,17125999616,10550,Communication Services,Entertainment,24574570496,
BEN,9324099584,10100,Financial Services,Asset Management,17096787968,
FCX,25867999232,29000,Basic Materials,Copper,102057762816,
GRMN,7671437824,23000,Technology,Scientific & Technical Instruments,54513631232,
IT,6463626240,19285,Technology,Information Technology Services,11340923904,
GE,50638999552,57000,Industrials,Aerospace & Defense,335817474048,
GEHC,21265999872,54000,Healthcare,Medical Devices,28876302336,
GEV,41366999040,78000,Industrials,Specialty Industrial Machinery,254953160704,
GEN,5079000064,3900,Technology,Software - Infrastructure,18113243136,
GNRC,4438731776,9400,Industrials,Specialty Industrial Machinery,11033600000,
GD,54861000704,117000,Industrials,Aerospace & Defense,96291299328,
GIS,18424600576,30000,Consumer Defensive,Packaged Foods,19166466048,
GM,185527992320,156000,Consumer Cyclical,Auto Manufacturers,77439139840,
GPC,25071538176,65000,Consumer Cyclical,Auto Parts,18429091840,
GILD,30456999936,17000,Healthcare,Drug Manufacturers - General,178206359552,
GPN,10206745600,26000,Industrials,Specialty Business Services,23363158016,
GL,6191958016,3695,Financial Services,Insurance - Life,13154320384,
GDDY,5104099840,5845,Technology,Software - Infrastructure,12420340736,
GS,67569999872,46200,Financial Services,Capital Markets,299667783680,
HAL,22372999168,46000,Energy,Oil & Gas Equipment & Services,29859393536,
HIG,29315000320,19200,Financial Services,Insurance - Diversified,36936105984,
HAS,4973199872,4520,Consumer Cyclical,Leisure,12911210496,
HCA,78012997632,230000,Healthcare,Medical Care Facilities,92433154048,
DOC,2949806080,411,Real Estate,REIT - Healthcare Facilities,14391628800,
HSIC,13601999872,25000,Healthcare,Medical Distribution,9847416832,
HSY,12163911680,17550,Consumer Defensive,Confectioners,34824437760,
HPE,41870999552,67000,Technology,Communication Equipment,82422292480,
HLT,5104000000,182000,Consumer Cyclical,Lodging,68912627712,
HD,169176006656,470000,Consumer Cyclical,Home Improvement Retail,308026671104,
HONA,17915000832,30000,Industrials,Aerospace & Defense,50160939008,
HON,38057000960,101000,Industrials,Conglomerates,64135979008,
HRL,12146911232,20000,Consumer Defensive,Packaged Foods,11320715264,
HST,6233999872,162,Real Estate,REIT - Hotel & Motel,15450716160,
HWM,9116999680,25430,Industrials,Aerospace & Defense,91568791552,
HPQ,59162001408,55000,Technology,Computer Hardware,31995543552,
HUBB,6223600128,19400,Industrials,Electrical Equipment & Parts,24324116480,
HUM,145679007744,67060,Healthcare,Healthcare Plans,49208905728,
HBAN,9176999936,25527,Financial Services,Banks - Regional,34064195584,
HII,13185000448,45000,Industrials,Aerospace & Defense,11021072384,
IBM,69094998016,264300,Technology,Information Technology Services,229211865088,
IEX,3585299968,8700,Industrials,Specialty Industrial Machinery,16528738304,
IDXX,4553223168,11000,Healthcare,Diagnostics & Research,39760830464,
ITW,16469000192,43000,Industrials,Specialty Industrial Machinery,76371968000,
INCY,5819530240,2844,Healthcare,Biotechnology,24621694976,
IR,7942199808,21000,Industrials,Specialty Industrial Machinery,28296798208,
PODD,3053400064,5400,Healthcare,Medical Devices,9151980544,
INTC,57031999488,85100,Technology,Semiconductors,544151666688,
IBKR,6834999808,3265,Financial Services,Capital Markets,155677638656,
ICE,10558000128,12725,Financial Services,Financial Data & Stock Exchanges,88363491328,
IFF,10780999680,21500,Basic Materials,Specialty Chemicals,21333088256,
IP,24202999808,62602,Consumer Cyclical,Packaging & Containers,18196021248,
INTU,21447999488,18600,Technology,Software - Application,85935079424,
ISRG,11034399744,17021,Healthcare,Medical Instruments & Supplies,132258340864,
IVZ,6902499840,7405,Financial Services,Asset Management,14251612160,
INVH,2848004096,1725,Real Estate,REIT - Residential,16265763840,
IQV,16983000064,94000,Healthcare,Diagnostics & Research,43087339520,
IRM,7562470912,29400,Real Estate,REIT - Specialty,34289410048,
JBHT,12701309952,31750,Industrials,Integrated Freight & Logistics,25399296000,
JBL,33589999616,135000,Technology,Electronic Components,33330675712,
JKHY,2544338944,7300,Technology,Information Technology Services,11296542720,
J,14219215872,47000,Industrials,Engineering & Construction,16601927680,
JNJ,97929003008,138200,Healthcare,Drug Manufacturers - General,640020840448,
JCI,24995000320,87000,Industrials,Building Products & Equipment,88444305408,
JPM,186328006656,320560,Financial Services,Banks - Diversified,946925731840,
KVUE,15408000000,21780,Consumer Defensive,Household & Personal Products,34151354368,
KDP,20089999360,50000,Consumer Defensive,Beverages - Non-Alcoholic,42716327936,
KEY,7370999808,17493,Financial Services,Banks - Regional,23306088448,
KEYS,6582000128,16600,Technology,Scientific & Technical Instruments,57651683328,
KMB,16581999616,36000,Consumer Defensive,Household & Personal Products,32642633728,
KIM,2187133952,710,Real Estate,REIT - Retail,15555605504,
KMI,17959000064,11028,Energy,Oil & Gas Midstream,68719116288,
KKR,25833117696,5043,Financial Services,Asset Management,93356531712,
KLAC,13579475968,17000,Technology,Semiconductor Equipment & Materials,236014616576,
KHC,24899999744,35000,Consumer Defensive,Packaged Foods,29171265536,
KR,149326004224,400000,Consumer Defensive,Grocery Stores,34860040192,
LHX,12856000512,45000,Industrials,Aerospace & Defense,45723136000,
LH,14348000256,71000,Healthcare,Diagnostics & Research,25265895424,
LRCX,23232690176,23300,Technology,Semiconductor Equipment & Materials,373168930816,
LVS,13719000064,41000,Consumer Cyclical,Resorts & Casinos,27741042688,
LDOS,17634000896,50000,Technology,Information Technology Services,16170926080,
LEN,32737234944,12532,Consumer Cyclical,Residential Construction,19175251968,
LII,5302199808,5400,Industrials,Building Products & Equipment,12650590208,
LLY,79666003968,50000,Healthcare,Drug Manufacturers - General,994915778560,
LIN,35448999936,64649,Basic Materials,Specialty Chemicals,214918168576,
LYV,26272534528,17700,Communication Services,Entertainment,39638056960,
LMT,77013999616,123000,Industrials,Aerospace & Defense,120978202624,
L,18694000640,13100,Financial Services,Insurance - Property & Casualty,22239690752,
LOW,90431995904,300000,Consumer Cyclical,Home Improvement Retail,110426652672,
LULU,11093954560,39000,Consumer Cyclical,Apparel Retail,10956971008,
LITE,3014000128,13757,Technology,Communication Equipment,83154591744,
LYB,31192000512,18970,Basic Materials,Specialty Chemicals,20574285824,
MTB,9450999808,21662,Financial Services,Banks - Regional,34635350016,
MPC,154145996800,18500,Energy,Oil & Gas Refining & Marketing,111186952192,
MAR,7384999936,414000,Consumer Cyclical,Lodging,87275872256,
MRSH,27946999808,95000,Financial Services,Insurance Brokers,84423442432,
MLM,6688000000,9600,Basic Materials,Building Materials,36217044992,
MRVL,9450300416,7480,Technology,Semiconductors,212184170496,
MAS,7619999744,18000,Industrials,Building Products & Equipment,13511281664,
MA,35083001856,39800,Financial Services,Credit Services,498616074240,
MKC,7385800192,14100,Consumer Defensive,Packaged Foods,13797462016,
MCD,27701999616,150000,Consumer Cyclical,Restaurants,178700713984,
MCK,410983006208,41600,Healthcare,Medical Distribution,102775570432,
MDT,37541998592,95000,Healthcare,Medical Devices,116350386176,
MRK,66568998912,73000,Healthcare,Drug Manufacturers - General,355100000256,
META,228246994944,75472,Communication Services,Internet Content & Information,1650860490752,
MET,79398002688,46000,Financial Services,Insurance - Life,61730230272,
MTD,4133874944,16600,Healthcare,Diagnostics & Research,25917691904,
MGM,17761441792,60000,Consumer Cyclical,Resorts & Casinos,10205905920,
MCHP,5122299904,17900,Technology,Semiconductors,40291246080,
MU,90273996800,53000,Technology,Semiconductors,1101452017664,
MSFT,331839012864,223000,Technology,Software - Infrastructure,3680323239936,
MAA,2218780928,2507,Real Estate,REIT - Residential,14845492224,
MRNA,2228000000,4700,Healthcare,Biotechnology,57477992448,
TAP,11083499520,16200,Consumer Defensive,Beverages - Brewers,7258651648,
MDLZ,39674998784,91000,Consumer Defensive,Confectioners,79692677120,
MPWR,3273157888,4501,Technology,Semiconductors,60665065472,
MNST,9218957312,5773,Consumer Defensive,Beverages - Non-Alcoholic,85022851072,
MCO,8160000000,16000,Financial Services,Financial Data & Stock Exchanges,82252316672,
MS,77827997696,83000,Financial Services,Capital Markets,336698015744,
MOS,12247900160,13000,Basic Materials,Agricultural Inputs,8007791616,
MSI,12236999680,23000,Technology,Communication Equipment,77146587136,
MSCI,3333758976,6327,Financial Services,Financial Data & Stock Exchanges,40320147456,
NDAQ,5614000128,9630,Financial Services,Financial Data & Stock Exchanges,50973147136,
NTAP,7391000064,11700,Technology,Software - Infrastructure,39142379520,
NFLX,48370765824,16000,Communication Services,Entertainment,322288943104,
NEM,25767000064,17500,Basic Materials,Gold,133618712576,
NWSA,9027999744,21700,Communication Services,Entertainment,15790737408,
NWS,9027999744,21700,Communication Services,Entertainment,17544667136,
NEE,28700000256,17400,Utilities,Utilities - Regulated Electric,171696865280,
NKE,46398001152,73000,Consumer Cyclical,Footwear & Accessories,54592753664,
NI,6881500160,7668,Utilities,Utilities - Regulated Gas,19858583552,
NDSN,2979794944,8200,Industrials,Specialty Industrial Machinery,17515780096,
NSC,12540000256,19300,Industrials,Railroads,71935320064,
NTRS,9085500416,23600,Financial Services,Asset Management,34613379072,
NOC,42892001280,95000,Industrials,Aerospace & Defense,73726443520,
NCLH,10154306560,44500,Consumer Cyclical,Travel Services,6805163520,
NRG,33124999168,16702,Utilities,Utilities - Independent Power Producers,23850481664,
NUE,36101001216,33000,Basic Materials,Steel,58858356736,
NVDA,302970011648,42000,Technology,Semiconductors,5271048421376,
NVR,9631335424,6300,Consumer Cyclical,Residential Construction,16499457024,
NXPI,13185000448,32169,Technology,Semiconductors,59667087360,
ORLY,18572562432,95822,Consumer Cyclical,Auto Parts,69425012736,
OXY,23925999616,10412,Energy,Oil & Gas E&P,61437710336,
ODFL,5602506752,20173,Industrials,Trucking,37390618624,
OMC,22371299328,120000,Communication Services,Advertising Agencies,21676075008,
ON,6197799936,22600,Technology,Semiconductors,29642719232,
OKE,39366000640,6326,Energy,Oil & Gas Midstream,60906319872,
ORCL,71776002048,141000,Technology,Software - Infrastructure,432877174784,
OTIS,14910999552,72000,Industrials,Specialty Industrial Machinery,26304251904,
PCAR,27815800832,25900,Industrials,Farm & Heavy Construction Machinery,64600772608,
PKG,9534600192,16800,Consumer Cyclical,Packaging & Containers,20884639744,
PLTR,6155940864,4401,Technology,Software - Infrastructure,401863442432,
PANW,11480000512,21921,Technology,Software - Infrastructure,270471692288,
PSKY,29109999616,17600,Communication Services,Entertainment,11892625408,
PH,21499000832,59850,Industrials,Specialty Industrial Machinery,119774085120,
PAYX,3968000000,17600,Technology,Software - Application,41222541312,
PYPL,34127998976,23800,Financial Services,Credit Services,45955358720,
PNR,4011800064,9000,Industrials,Specialty Industrial Machinery,9030168576,
PEP,96904003584,306000,Consumer Defensive,Beverages - Non-Alcoholic,186213122048,
PFE,63695998976,75000,Healthcare,Drug Manufacturers - General,157994942464,
PCG,25837000704,29010,Utilities,Utilities - Regulated Electric,30392664064,
PM,42545000448,84900,Consumer Defensive,Tobacco,297788669952,
PSX,152167006208,12600,Energy,Oil & Gas Refining & Marketing,104030609408,
PNW,5554253824,6610,Utilities,Utilities - Regulated Electric,11647053824,
PNC,24319000576,55704,Financial Services,Banks - Regional,97438007296,
PPG,16421000192,43500,Basic Materials,Specialty Chemicals,23452649472,
PPL,9397999616,6546,Utilities,Utilities - Regulated Electric,25646729216,
PFG,15693200384,19700,Financial Services,Asset Management,24871464960,
PG,87031996416,104000,Consumer Defensive,Household & Personal Products,337414619136,
PGR,91019001856,70053,Financial Services,Insurance - Property & Casualty,126458986496,
PLD,9657474048,2802,Real Estate,REIT - Industrial,131961405440,
PRU,65223999488,36607,Financial Services,Insurance - Life,41137799168,
PEG,12542999552,13189,Utilities,Utilities - Regulated Electric,36080627712,
PTC,2953971968,7000,Technology,Software - Application,14190448640,
PSA,4910444032,5770,Real Estate,REIT - Industrial,55401701376,
PHM,16407075840,6506,Consumer Cyclical,Residential Construction,22526916608,
PWR,32905140224,69500,Industrials,Engineering & Construction,97810407424,
QCOM,44068999168,52000,Technology,Semiconductors,194354970624,
DGX,11559999488,46000,Healthcare,Diagnostics & Research,25939947520,
Q,5209999872,10000,Technology,Semiconductor Equipment & Materials,26443960320,
RL,8355200000,15600,Consumer Cyclical,Apparel Manufacturing,20203741184,
RJF,15239999488,19500,Financial Services,Asset Management,33321666560,
RDDT,2778833920,2555,Communication Services,Internet Content & Information,30354399232,
RTX,93499998208,180000,Industrials,Aerospace & Defense,266424811520,
O,6065508864,544,Real Estate,REIT - Retail,56299974656,
REG,1685532032,503,Real Estate,REIT - Retail,13950861312,
REGN,15534699520,15410,Healthcare,Biotechnology,80458293248,
RF,7238000128,20003,Financial Services,Banks - Regional,25668636672,
RSG,16890999808,42000,Industrials,Waste Management,68205883392,
RMD,5653443072,11370,Healthcare,Medical Instruments & Supplies,31485952000,
RVTY,2911811072,11000,Healthcare,Diagnostics & Research,13871304704,
HOOD,4931999744,2900,Financial Services,Capital Markets,101209694208,
ROK,8972999680,26000,Industrials,Specialty Industrial Machinery,47668649984,
ROL,3924018944,22000,Consumer Cyclical,Personal Services,16710179840,
ROP,8280300032,19400,Technology,Software - Application,38424965120,
ROST,24511797248,111000,Consumer Cyclical,Apparel Retail,74017030144,
RCL,18681999360,107950,Consumer Cyclical,Travel Services,69574991872,
SPGI,16122000384,44500,Financial Services,Financial Data & Stock Exchanges,121077309440,
CRM,43938000896,83334,Technology,Software - Application,203873566720,
SNDK,20248000512,11100,Technology,Computer Hardware,239153479680,
SBAC,2870621952,1844,Real Estate,REIT - Specialty,19676162048,
SLB,36366000128,109000,Energy,Oil & Gas Equipment & Services,83201073152,
STX,12195000320,30000,Technology,Computer Hardware,188774842368,
SRE,13552000000,15938,Utilities,Utilities - Diversified,54496051200,
NOW,14732000256,29187,Technology,Software - Application,137017729024,
SHW,24410300416,64249,Basic Materials,Specialty Chemicals,78486134784,
SPG,6940724224,3100,Real Estate,REIT - Retail,77758283776,
SWKS,4014099968,10000,Technology,Semiconductors,13294270464,
SJM,9156899840,,Consumer Defensive,Packaged Foods,12940560384,
SW,31325999104,96000,Consumer Cyclical,Packaging & Containers,22669881344,
SNA,5274899968,13000,Industrials,Tools & Accessories,19420432384,
SOLV,8310000128,20584,Healthcare,Medical Instruments & Supplies,14886064128,
SO,30179000320,29502,Utilities,Utilities - Regulated Electric,100277141504,
LUV,30072999936,73456,Industrials,Airlines,19196530688,
SWK,15247699968,41000,Industrials,Tools & Accessories,13476724736,
SBUX,38338301952,381000,Consumer Cyclical,Restaurants,112563601408,
STT,15022999552,51503,Financial Services,Asset Management,53127319552,
STLD,20538677248,14400,Basic Materials,Steel,34368643072,
STE,6037499904,17937,Healthcare,Medical Devices,20549122048,
SYK,25837000704,56000,Healthcare,Medical Devices,105697386496,
SMCI,39063072768,7000,Technology,Computer Hardware,26344310784,
SYF,9907999744,20000,Financial Services,Credit Services,24724930560,
SNPS,9416465408,28000,Technology,Software - Infrastructure,76152569856,
SYY,84552998912,75000,Consumer Defensive,Food Distribution,39865577472,
TMUS,92188999680,75000,Communication Services,Telecom Services,195580215296,
TROW,7592000000,7544,Financial Services,Asset Management,22673342464,
TTWO,6686499840,12909,Communication Services,Electronic Gaming & Multimedia,40288677888,
TPR,8004199936,12600,Consumer Cyclical,Luxury Goods,23625920512,
TRGP,16741499904,3570,Energy,Oil & Gas Midstream,62238605312,
TGT,107704999936,400000,Consumer Defensive,Discount Stores,70793060352,
TEL,19321999360,90000,Technology,Electronic Components,61365223424,
TDY,6374400000,15800,Technology,Scientific & Technical Instruments,27989090304,
TER,4464031232,6600,Technology,Semiconductor Equipment & Materials,59365711872,
TSLA,103619002368,134785,Consumer Cyclical,Auto Manufacturers,1443322658816,
TXN,19452999680,33000,Technology,Semiconductors,245389656064,
TPL,897540992,114,Energy,Oil & Gas E&P,25458554880,
TXT,15299000320,34000,Industrials,Aerospace & Defense,13930939392,
TMO,46336000000,125000,Healthcare,Diagnostics & Research,225479294976,
TJX,62363000832,377000,Consumer Cyclical,Apparel Retail,138618716160,
TKO,5301862912,4000,Communication Services,Entertainment,36019916800,
TTD,2990138112,3843,Communication Services,Advertising Agencies,6738081792,
TSCO,15750723584,54000,Consumer Cyclical,Specialty Retail,17199534080,
TT,22209900544,44000,Industrials,Building Products & Equipment,97364656128,
TDG,10005999616,16500,Industrials,Aerospace & Defense,63032922112,
TRV,48979001344,34000,Financial Services,Insurance - Property & Casualty,78257348608,
TRMB,3782899968,11500,Technology,Scientific & Technical Instruments,13445149696,
TFC,19028000768,37849,Financial Services,Banks - Regional,61569966080,
TYL,2429657088,7879,Technology,Software - Application,13787402240,
TSN,55694000128,133000,Consumer Defensive,Farm Products,18638444544,
USB,27320999936,70000,Financial Services,Banks - Regional,97907957760,
UBER,55226998784,36600,Technology,Software - Application,146390286336,
UDR,1766329984,1420,Real Estate,REIT - Residential,12901830656,
ULTA,12955516928,21382,Consumer Cyclical,Specialty Retail,23378931712,
UNP,25410000896,28716,Industrials,Railroads,168955068416,
UAL,62902001664,117500,Industrials,Airlines,35644248064,
UPS,89929998336,460000,Industrials,Integrated Freight & Logistics,85316378624,
URI,16832000000,28500,Industrials,Rental & Leasing Services,61565288448,
UNH,450525986816,390000,Healthcare,Healthcare Plans,340269203456,
UHS,18114486272,102000,Healthcare,Medical Care Facilities,10303870976,
VLO,132429996032,9785,Energy,Oil & Gas Refining & Marketing,112412639232,
VEEV,3458097920,7928,Healthcare,Health Information Services,42484879360,
VTR,6418988032,542,Real Estate,REIT - Healthcare Facilities,46160044032,
VLTO,5696000000,17000,Industrials,Pollution & Treatment Controls,22940952576,
VRSN,1707900032,926,Technology,Software - Infrastructure,26460983296,
VRSK,3136000000,8000,Industrials,Consulting Services,22933489664,
VZ,138894999552,97600,Communication Services,Telecom Services,210273173504,
VRTX,12587200512,6400,Healthcare,Biotechnology,130643902464,
VRT,11479600128,34000,Industrials,Electrical Equipment & Parts,98965053440,
VTRS,14737300480,30000,Healthcare,Drug Manufacturers - Specialty & Generic,18963234816,
VICI,4097604096,28,Real Estate,REIT - Diversified,27339753472,
V,44487999488,34100,Financial Services,Credit Services,691647676416,
VST,19211999232,6390,Utilities,Utilities - Independent Power Producers,49801551872,
VMRK,3089946880,,Real Estate,REIT - Residential,50713485312,
VMC,8115800064,11548,Basic Materials,Building Materials,32749729792,
WRB,14896102400,8804,Financial Services,Insurance - Property & Casualty,25948805120,
GWW,18844999680,22100,Industrials,Industrial Distribution,60289208320,
WAB,11980000256,31000,Industrials,Railroads,47838928896,
WMT,735839977472,2100000,Consumer Defensive,Discount Stores,852708163584,
DIS,98860998656,175560,Communication Services,Entertainment,183978491904,
WBD,36115001344,35500,Communication Services,Entertainment,70300114944,
WM,25667000320,60500,Industrials,Waste Management,85323210752,
WAT,4644285952,16000,Healthcare,Diagnostics & Research,40093212672,
WEC,10137400320,7000,Utilities,Utilities - Regulated Electric,34321715200,
WFC,83026001920,197466,Financial Services,Banks - Diversified,273036886016,
WELL,12763214848,712,Real Estate,REIT - Healthcare Facilities,169781182464,
WST,3326799872,10800,Healthcare,Medical Instruments & Supplies,24366200832,
WDC,12919000064,40000,Technology,Computer Hardware,161226686464,
WY,6851999744,9500,Real Estate,REIT - Specialty,15899436032,
WSM,8005155840,19800,Consumer Cyclical,Specialty Retail,26645182464,
WMB,12323000320,5987,Energy,Oil & Gas Midstream,89107750912,
WTW,10101999616,48100,Financial Services,Insurance Brokers,29311309824,
WDAY,10154999808,20896,Technology,Software - Application,44753698816,
WYNN,7413425152,28500,Consumer Cyclical,Resorts & Casinos,9030809600,
XEL,14616000512,11534,Utilities,Utilities - Regulated Electric,47159889920,
XYL,9125999616,22000,Industrials,Specialty Industrial Machinery,24973750272,
YUM,8721999872,49000,Consumer Cyclical,Restaurants,38443573248,
ZBRA,5847000064,10700,Technology,Communication Equipment,16576235520,
ZBH,8508800000,17000,Healthcare,Medical Devices,17832067072,
ZTS,9525000192,14500,Healthcare,Drug Manufacturers - Specialty & Generic,30152927232,
