ticker,security,epa_parent_company,epa_scope1_tco2e,facility_count
ABBV,AbbVie,ABBVIE INC,99777.824,2
ABT,Abbott Laboratories,ABBOTT LABORATORIES,134386.892,4
ADI,Analog Devices,ANALOG DEVICES INC,117771.628108,3
ADM,Archer Daniels Midland,ARCHER DANIELS MIDLAND CO,10585367.605999999,18
AEE,Ameren,AMEREN CORP,19669522.87,11
AEP,American Electric Power,AMERICAN ELECTRIC POWER CO INC,50834862.764,25
AES,AES Corporation,AES CORP,15677526.790000001,9
ALB,Albemarle Corporation,ALBEMARLE CORP,229671.722,3
AMGN,Amgen,AMGEN INC,61780.352,1
APA,APA Corporation,APA CORP,1302769.998,13
ARES,Ares Management,ARES MANAGEMENT CORP,1817717.564,1
ATO,Atmos Energy,ATMOS ENERGY CORP,130555.092,3
AVGO,Broadcom,BROADCOM INC,34457.051985,1
BA,Boeing,THE BOEING CO,151144.82200000001,4
BAX,Baxter International,BAXTER INTERNATIONAL INC,43203.836,1
BF.B,Brown-Forman,BROWN-FORMAN CORP,90072.76000000001,2
BIIB,Biogen,BIOGEN INC,28268.192,1
BLK,BlackRock,BLACKROCK INC,383163.06,1
BRK.B,Berkshire Hathaway,BERKSHIRE HATHAWAY INC,79105267.13000001,117
CAT,Caterpillar Inc.,CATERPILLAR INC,456901.738,7
CEG,Constellation Energy,CONSTELLATION ENERGY CORP,8941320.546,10
CF,CF Industries,CF INDUSTRIES HOLDINGS INC,20579424.174,6
CMS,CMS Energy,CMS ENERGY CORP,17183100.39,11
CNP,CenterPoint Energy,CENTERPOINT ENERGY INC,3741577.852,2
COP,ConocoPhillips,CONOCOPHILLIPS,1321893.682,7
CTVA,Corteva,CORTEVA INC,82753.73999999999,2
CVX,Chevron Corporation,CHEVRON CORP,20881977.004,31
D,Dominion Energy,DOMINION ENERGY INC,28458582.87399999,27
DAL,Delta Air Lines,DELTA AIR LINES INC,1256096.862,2
DE,Deere & Company,DEERE & CO,45075.88,1
DOW,Dow Inc.,DOW INC,16976174.548,16
DTE,DTE Energy,DTE ENERGY CO,24233789.841999996,23
DUK,Duke Energy,DUKE ENERGY CORP,73283559.93,40
DVN,Devon Energy,DEVON ENERGY CORP,336286.372,6
ED,Consolidated Edison,CONSOLIDATED EDISON INC,2463230.61,5
EIX,Edison International,EDISON INTERNATIONAL,1056295.236,1
EOG,EOG Resources,EOG RESOURCES INC,318787.588,7
ETR,Entergy,ENTERGY CORP,45793387.40600001,27
EVRG,Evergy,EVERGY INC,24537349.264,13
F,Ford Motor Company,FORD MOTOR CO,497625.12399999995,10
FCX,Freeport-McMoRan,FREEPORT-MCMORAN INC,676202.282,5
FE,FirstEnergy,FIRSTENERGY CORP,15258135.972,2
GIS,General Mills,GENERAL MILLS INC,70688.598,2
GLW,Corning Inc.,CORNING INC,177760.332,4
GM,General Motors,GENERAL MOTORS CO,572170.9519999999,14
GS,Goldman Sachs,THE GOLDMAN SACHS GROUP INC,52140.304,1
HAL,Halliburton,HALLIBURTON CO,53414.518,2
HII,Huntington Ingalls Industries,HUNTINGTON INGALLS INDUSTRIES INC,49706.726,1
HON,Honeywell,HONEYWELL INTERNATIONAL INC,354899.02920000005,7
HRL,Hormel Foods,HORMEL FOODS CORP,58585.68,1
HWM,Howmet Aerospace,HOWMET AEROSPACE INC,124137.59400000001,3
IFF,International Flavors & Fragrances,INTERNATIONAL FLAVORS & FRAGRANCES INC,307088.216,7
INTC,Intel,INTEL CORP,790767.5444783,4
IP,International Paper,INTERNATIONAL PAPER CO,5404387.698,28
ITW,Illinois Tool Works,ILLINOIS TOOL WORKS INC,35815.816,1
KMB,Kimberly-Clark,KIMBERLY-CLARK CORP,1030421.2660000001,8
KMI,Kinder Morgan,KINDER MORGAN INC,11645741.036000004,203
L,Loews Corporation,LOEWS CORP,1937140.4660000002,41
LIN,Linde,LINDE INC,8787322.32,18
LMT,Lockheed Martin,LOCKHEED MARTIN CORP,95794.13399999999,2
LNT,Alliant Energy,ALLIANT ENERGY CORP,23041618.196000002,16
MCHP,Microchip Technology,MICROCHIP TECHNOLOGY INC,472938.201976,3
MGM,MGM Resorts,MGM RESORTS INTERNATIONAL,110103.336,1
MLM,Martin Marietta Materials,MARTIN MARIETTA MATERIALS INC,3999044.162,4
MMM,3M,3M CO,1007143.6889239999,11
MO,Altria,ALTRIA GROUP INC,66467.196,2
MPC,Marathon Petroleum,MARATHON PETROLEUM CORP,28964593.374,26
MRK,Merck & Co.,MERCK & CO INC,365529.704,3
MU,Micron Technology,MICRON TECHNOLOGY INC,303884.3484487,2
NEE,NextEra Energy,NEXTERA ENERGY INC,53186894.44600002,20
NEM,Newmont,NEWMONT CORP,1474699.396,3
NI,NiSource,NISOURCE INC,4456754.266,3
NOC,Northrop Grumman,NORTHROP GRUMMAN CORP,110192.27799999999,3
NRG,NRG Energy,NRG ENERGY INC,22878264.123999998,16
NUE,Nucor,NUCOR CORP,5761770.626,26
OKE,Oneok,ONEOK INC,3005177.0679999995,32
OXY,Occidental Petroleum,OCCIDENTAL PETROLEUM CORP,8112721.41,36
PCG,PG&E Corporation,PG&E CORP,340079.538,7
PEG,Public Service Enterprise Group,PUBLIC SERVICE ENTERPRISE GROUP INC,146.3,1
PEP,PepsiCo,PEPSICO INC,317942.602,10
PFE,Pfizer,PFIZER INC,225796.40999999997,3
PG,Procter & Gamble,THE PROCTER & GAMBLE CO,1676103.744,10
PNW,Pinnacle West Capital,PINNACLE WEST CAPITAL CORP,13239664.866,8
PPG,PPG Industries,PPG INDUSTRIES INC,198602.998,3
PPL,PPL Corporation,PPL CORP,26771409.22,6
PSX,Phillips 66,PHILLIPS 66,31454319.53000001,63
QCOM,Qualcomm,QUALCOMM INC,48566.816,2
RSG,Republic Services,REPUBLIC SERVICES INC,10721712.294000002,177
RTX,RTX Corporation,RTX CORP,154646.258,3
SO,Southern Company,THE SOUTHERN CO,83794610.56400003,48
STLD,Steel Dynamics,STEEL DYNAMICS INC,2569896.58,11
SWKS,Skyworks Solutions,SKYWORKS SOLUTIONS INC,24116.71997,1
TAP,Molson Coors Beverage Company,MOLSON COORS BEVERAGE CO,414577.044,6
TMO,Thermo Fisher Scientific,THERMO FISHER SCIENTIFIC INC,28392.342,1
TRGP,Targa Resources,TARGA RESOURCES CORP,4304820.654815542,37
TSLA,"Tesla, Inc.",TESLA INC,80515.196,2
TSN,Tyson Foods,TYSON FOODS INC,1874907.4860000003,34
TXN,Texas Instruments,TEXAS INSTRUMENTS INC,1057774.335383,5
TXT,Textron,TEXTRON INC,55579.572,2
VLO,Valero Energy,VALERO ENERGY CORP,23535216.552000005,27
VST,Vistra Corp.,Vistra Corp,86320993.13799997,40
VTRS,Viatris,VIATRIS INC,26031.806,1
WEC,WEC Energy Group,WEC Energy Group Inc,19291885.63,17
WM,Waste Management,WASTE MANAGEMENT INC,11650459.606000002,225
WY,Weyerhaeuser,WEYERHAEUSER CO,41144.524,2
XEL,Xcel Energy,XCEL ENERGY INC,44184964.932,31
