Ticker;SimFinId;Currency;Fiscal Year;Fiscal Period;Report Date;Publish Date;Restated Date;Shares (Basic);Shares (Diluted);Net Income/Starting Line;Depreciation & Amortization;Non-Cash Items;Net Cash from Operating Activities;Change in Fixed Assets & Intangibles;Net Change in Investments;Net Cash from Investing Activities;Dividends Paid;Cash from (Repayment of) Debt;Cash from (Repurchase of) Equity;Net Cash from Financing Activities;Effect of Foreign Exchange Rates;Net Change in Cash
AAME;450021;USD;2020;FY;2020-12-31;2021-03-23;2022-03-25;20441000;21819000;12169000;980000;-4621000;8971000;;;-2064000;-399000;;9000;-481000;;6426000
AAME;450021;USD;2021;FY;2021-12-31;2022-03-25;2023-06-30;20500000;22208333;4281000;1003000;-7915000;1088000;-107000;29184000;5300000;-807000;;6000;-954000;;5434000
AAME;450021;USD;2022;FY;2022-12-31;2023-04-01;2024-04-01;20390000;20390000;1525000;890000;2023000;7376000;-126000;-3302000;-4351000;-807000;2000000;;1085000;;4110000
AAME;450021;USD;2023;FY;2023-12-31;2024-04-01;2025-03-25;20404000;20404000;-171000;652000;-2078000;2992000;-80000;-8329000;-3735000;-807000;1000000;;181000;;-562000
AAME;450021;USD;2024;FY;2024-12-31;2025-03-25;2025-03-25;20400000;20400000;-4268000;366000;-1682000;7656000;-225000;-59000;-573000;-807000;1000000;;186000;;7269000
ACGL;445596;USD;2020;FY;2020-12-31;2021-02-26;2023-02-24;403062179;410259455;1465711000;69031000;-821314000;2886505000;;-362965000;-3043226000;-41612000;659793000;-81596000;521278000;22289000;386846000
ACGL;445596;USD;2021;FY;2021-12-31;2022-02-25;2024-02-23;389274220;397903347;2239000000;82000000;1290000000;3425000000;;-596000000;-2142000000;-47000000;;-1192000000;-1225000000;-34000000;24000000
ACGL;445596;USD;2022;FY;2022-12-31;2023-02-24;2025-02-27;368612197;377609767;1482000000;106000000;3374000000;3816000000;;-3574000000;-3187000000;-40000000;;-580000000;-620000000;-50000000;-41000000
ACGL;445596;USD;2023;FY;2023-12-31;2024-02-23;2026-02-26;368700000;378800000;4442000000;95000000;1738000000;5749000000;;-4747000000;-5473000000;-40000000;;-2000000;-64000000;13000000;225000000
ACGL;445596;USD;2024;FY;2024-12-31;2025-02-27;2026-02-26;372500000;381800000;4312000000;235000000;2765000000;6673000000;;-4958000000;-4463000000;-1906000000;;-17000000;-1923000000;-25000000;262000000
ACIC;774910;USD;2020;FY;2020-12-31;2021-03-09;2023-04-17;42864166;42864166;-95498000;11046000;-38816000;-10471000;-10848000;86876000;36566000;-10313000;-1229000;;-11654000;;14441000
ACIC;774910;USD;2021;FY;2021-12-31;2022-03-15;2024-03-15;42973753;42973753;-59868000;11768000;-28456000;-295391000;-5271000;226322000;251377000;-10350000;-1817000;;-12206000;;-56220000
ACIC;774910;USD;2022;FY;2022-12-31;2023-04-17;2025-03-10;42948850;42948850;-469966000;23312000;164069000;-173113000;-3047000;218093000;236835000;-2589000;-4441000;;-25390000;;38332000
ACIC;774910;USD;2023;FY;2023-12-31;2024-03-15;2026-03-09;43596432;44388804;309911000;10626000;-875755000;-137150000;;242572000;-1201000;;;26793000;26769000;;-111582000
AEL;6767439;USD;2020;FY;2020-12-31;2021-03-01;2023-02-28;92055000;92392000;671460000;5199000;1179985000;1800025000;;5862202000;4639565000;-62374000;-81450000;463227000;362540000;;6802130000
AEL;6767439;USD;2021;FY;2021-12-31;2022-03-01;2023-02-28;93860000;94491000;473992000;5527000;1036543000;4233164000;;-4715997000;-6224307000;-75125000;;-94561000;-2595397000;;-4586540000
AEL;6767439;USD;2022;FY;2022-12-31;2023-02-28;2023-02-28;93860000;94491000;1221302000;14185000;565674000;2044181000;;796581000;-2454911000;-74242000;296250000;-312589000;-2178583000;;-2589313000
AFG;485236;USD;2020;FY;2020-12-31;2021-02-25;2023-02-24;88700000;89200000;721000000;299000000;745000000;2183000000;-60000000;616000000;-1564000000;-334000000;484000000;-291000000;-123000000;;496000000
AFG;485236;USD;2021;FY;2021-12-31;2022-02-25;2024-02-23;84800000;85200000;1995000000;187000000;-857000000;1714000000;-62000000;244000000;-436000000;-2374000000;;-253000000;-1957000000;;-679000000
AFG;485236;USD;2022;FY;2022-12-31;2023-02-24;2025-02-25;86345246;89200000;898000000;100000000;108000000;1153000000;-86000000;829000000;-1051000000;-1213000000;-477000000;5000000;-1361000000;;-1259000000
AFG;485236;USD;2023;FY;2023-12-31;2024-02-23;2026-02-25;84700000;84800000;852000000;78000000;33000000;1970000000;-72000000;2279000000;414000000;-684000000;-21000000;-198000000;-2031000000;;353000000
AFG;485236;USD;2024;FY;2024-12-31;2025-02-25;2026-02-25;83900000;83900000;887000000;81000000;-26000000;1152000000;-133000000;2489000000;95000000;-788000000;;17000000;-1066000000;;181000000
AFL;62581;USD;2020;FY;2020-12-31;2021-02-23;2023-02-24;713702000;716192000;4778000000;;518000000;5958000000;;-1307000000;-4619000000;-769000000;1195000000;-1503000000;-1115000000;21000000;245000000
AFL;62581;USD;2021;FY;2021-12-31;2022-02-23;2024-02-22;659100000;662512000;4231000000;;-122000000;5051000000;;-1880000000;-2378000000;-855000000;453000000;-2275000000;-2739000000;-24000000;-90000000
AFL;62581;USD;2022;FY;2022-12-31;2023-02-24;2025-02-26;673617000;676729000;4418000000;;-761000000;3879000000;;1016000000;-1540000000;-979000000;-139000000;-2384000000;-3551000000;104000000;-1108000000
AFL;62581;USD;2023;FY;2023-12-31;2024-02-22;2026-02-25;596173000;598745000;4659000000;;-993000000;3190000000;;1060000000;817000000;-966000000;204000000;-2784000000;-3723000000;79000000;363000000
AFL;62581;USD;2024;FY;2024-12-31;2025-02-26;2026-02-25;562492000;565015000;5443000000;;-1425000000;2707000000;;2037000000;2781000000;-1087000000;629000000;-2786000000;-3486000000;-79000000;1923000000
AGO;601095;USD;2020;FY;2020-12-31;2021-02-26;2023-03-01;85500000;86200000;368000000;;1000000;101000000;;-2206000000;-166000000;-69000000;663000000;-446000000;183000000;-3000000;115000000
AGO;601095;USD;2021;FY;2021-12-31;2022-02-25;2024-02-28;67518424;74300000;419000000;;127000000;538000000;;-3602000000;-2452000000;-66000000;2469000000;-496000000;1960000000;-2000000;44000000
AGO;601095;USD;2022;FY;2022-12-31;2023-03-01;2026-02-27;62900000;63900000;761000000;;-422000000;85000000;;-82000000;662000000;-67000000;-300000000;-199000000;-670000000;2000000;79000000
AGO;601095;USD;2023;FY;2023-12-31;2024-02-28;2025-02-28;58400000;59600000;761000000;;-310000000;85000000;;-82000000;662000000;-67000000;-305000000;-199000000;-670000000;2000000;79000000
AGO;601095;USD;2024;FY;2024-12-31;2025-02-28;2026-02-27;53300000;54300000;392000000;;-194000000;99000000;;-1156000000;728000000;-68000000;-375000000;-502000000;-983000000;-2000000;-158000000
AHL;700634;USD;2021;FY;2021-12-31;2022-04-20;2024-04-01;60395839;60395839;29800000;53300000;546700000;524700000;;1219900000;-950300000;-44500000;;;500000;-8100000;-433200000
AHL;700634;USD;2022;FY;2022-12-31;2023-04-20;2025-03-19;60395839;60395839;51100000;43300000;-1219600000;-55000000;;1781500000;-196500000;-84600000;;;-84600000;-18800000;-354900000
AHL;700634;USD;2023;FY;2023-12-31;2024-04-01;2026-03-30;60395839;60395839;534700000;11000000;205400000;324700000;;58400000;-172200000;-90200000;0;;-90200000;6600000;68900000
AHL;700634;USD;2024;FY;2024-12-31;2025-03-19;2026-03-30;60395839;60395839;486100000;-1000000;961400000;554900000;;-123300000;-352800000;-249900000;;-58000000;-307900000;-8100000;-113900000
AIG;251769;USD;2023;FY;2023-12-31;2024-02-14;2026-02-12;719506291;725233068;2741000000;3841000000;1397000000;6243000000;;2423000000;-7021000000;-1026000000;-1607000000;-2961000000;782000000;-13000000;-9000000
AIG;251769;USD;2024;FY;2024-12-31;2025-02-13;2026-02-12;651448307;657283160;2700000000;3597000000;-95000000;3273000000;;292000000;1672000000;-1024000000;-1387000000;-7137000000;-5063000000;-83000000;-201000000
AIZ;66661;USD;2020;FY;2020-12-31;2021-02-19;2023-02-17;60114670;63179938;518500000;142300000;272900000;1342000000;-121200000;358800000;-735200000;-173300000;242500000;-307300000;-264800000;19500000;361500000
AIZ;66661;USD;2021;FY;2021-12-31;2022-02-22;2024-02-15;59126313;59479464;602900000;171600000;92600000;781700000;-187400000;-702200000;157600000;-162300000;-72600000;-854900000;-1089800000;-23300000;-173800000
AIZ;66661;USD;2022;FY;2022-12-31;2023-02-17;2025-02-20;54371531;54782528;276600000;182000000;356600000;619400000;-186300000;-82500000;-284600000;-150200000;-75900000;-592300000;-818400000;-34500000;-518100000
AIZ;66661;USD;2023;FY;2023-12-31;2024-02-15;2026-02-19;53455139;53783069;642500000;196400000;-3000000;1138100000;-202500000;-352700000;-637700000;-152300000;-51800000;-197300000;-403900000;-5800000;90700000
AIZ;66661;USD;2024;FY;2024-12-31;2025-02-20;2026-02-19;52231729;52581102;760200000;223500000;1581200000;1332700000;-221300000;-364800000;-657800000;-155900000;;-321600000;-477500000;-17100000;180300000
AMBC;7962678;USD;2020;FY;2020-12-31;2021-03-01;2023-03-01;46147062;46147062;-437000000;58000000;95000000;-175000000;;137000000;433000000;;-121000000;;-302000000;;-44000000
AMBC;7962678;USD;2021;FY;2021-12-31;2022-02-24;2023-03-01;46535001;46535001;-18000000;57000000;-165000000;-135000000;;698000000;776000000;;-1630000000;;-656000000;;-15000000
AMSF;6767743;USD;2020;FY;2020-12-31;2021-02-26;2023-02-21;19288996;19363809;86602000;1012000;5786000;63398000;;33559000;43321000;-88775000;;;-88775000;;17944000
AMSF;6767743;USD;2021;FY;2021-12-31;2022-02-25;2024-02-23;19332391;19408619;65756000;9885000;-33821000;38058000;-1296000;85915000;70880000;-99929000;;;-99973000;;8965000
AMSF;6767743;USD;2022;FY;2022-12-31;2023-02-21;2025-02-28;19233241;19321717;55602000;8043000;-49353000;28150000;-2089000;34820000;75470000;-100427000;;-12388000;-112873000;;-9253000
AMSF;6767743;USD;2023;FY;2023-12-31;2024-02-23;2026-02-27;19149080;19226021;62108000;4452000;-26685000;29842000;-553000;29661000;43884000;-93307000;;-2171000;-96513000;;-22787000
AMSF;6767743;USD;2024;FY;2024-12-31;2025-02-28;2026-02-27;19070717;19159805;55436000;2540000;-22968000;24190000;-840000;81789000;72371000;-85436000;;-5123000;-91198000;;5363000
ARGO;6767761;USD;2022;FY;2022-12-31;2023-03-06;2025-03-25;34980608;34980608;-175200000;18500000;139100000;53200000;;179900000;-13400000;;;;;;39800000
ARGO;6767761;USD;2023;FY;2023-12-31;2024-03-19;2025-03-25;35166679;35197824;-209500000;51800000;2400000;310600000;;256100000;-369000000;;;;;;-58400000
ARGO;6767761;USD;2024;FY;2024-12-31;2025-03-25;2025-03-25;35166679;35197824;-148100000;183400000;-132200000;-144700000;;245300000;-197900000;;;;;;-342600000
AXS;971612;USD;2020;FY;2020-12-31;2021-02-26;2023-02-27;84235000;84235000;-120424000;65797000;-13715000;343503000;;-9159498000;489921000;-173421000;-500000000;-225000000;-908803000;2154000;-73225000
AXS;971612;USD;2021;FY;2021-12-31;2022-02-25;2024-02-27;84774000;85591000;618609000;66977000;-303641000;1197692000;;-10606817000;-1114195000;-175853000;;;-268965000;-74000;-185542000
AXS;971612;USD;2022;FY;2022-12-31;2023-02-27;2025-02-26;84262000;84262000;223083000;68288000;463121000;798038000;;-6729126000;-655798000;-179591000;78950000;-34987000;-255444000;-29833000;-143037000
AXS;971612;USD;2023;FY;2023-12-31;2024-02-27;2026-02-27;85142000;86012000;376292000;75552000;96518000;1255559000;;-5506267000;-505768000;-184025000;5250000;;-552213000;11754000;209332000
AXS;971612;USD;2024;FY;2024-12-31;2025-02-26;2026-02-27;84165000;85176000;1081786000;55306000;-1517000;1844813000;;-9360654000;479497000;-182015000;-19410000;-199944000;-616339000;-28335000;1679636000
BHF;696260;USD;2020;FY;2020-12-31;2021-02-24;2023-02-23;95350822;95350822;-1056000000;;-2433000000;888000000;;-5897000000;-9113000000;-44000000;-937000000;475000000;9456000000;;1231000000
BHF;696260;USD;2021;FY;2021-12-31;2022-02-24;2024-02-22;82701032;83244987;;;;;;;;-89000000;-280000000;-160000000;11963000000;;11963000000
BHF;696260;USD;2022;FY;2022-12-31;2023-02-23;2025-02-28;77870072;84466157;;;;;;;;-104000000;-3000000;-488000000;9145000000;;9145000000
BHF;696260;USD;2023;FY;2023-12-31;2024-02-22;2026-02-24;66013645;66013645;;;;;;;;-102000000;-2000000;-250000000;3069000000;;3069000000
BHF;696260;USD;2024;FY;2024-12-31;2025-02-28;2025-02-28;61199247;61600382;;;;;;;;-102000000;-2000000;-250000000;3678000000;;3678000000
CB;378112;USD;2020;FY;2020-12-31;2021-02-25;2023-02-24;451602820;453441512;3533000000;290000000;5023000000;9785000000;;-4217000000;-7521000000;-1388000000;-313000000;-378000000;-2082000000;8000000;190000000
CB;378112;USD;2021;FY;2021-12-31;2022-02-24;2024-02-23;426572612;432800000;8525000000;287000000;1918000000;11151000000;;-5044000000;-4801000000;-1401000000;1576000000;-4561000000;-6269000000;-106000000;-25000000
CB;378112;USD;2022;FY;2022-12-31;2023-02-24;2025-02-27;450732625;453400000;5246000000;285000000;8327000000;11258000000;;3240000000;-5654000000;-1375000000;-1000000000;-2630000000;-5142000000;-146000000;316000000
CB;378112;USD;2023;FY;2023-12-31;2024-02-23;2026-02-27;410845263;414202568;9015000000;310000000;2373000000;12182000000;;-6864000000;-7198000000;-1394000000;-475000000;-2199000000;-4489000000;-1000000;494000000
CB;378112;USD;2024;FY;2024-12-31;2025-02-27;2026-02-27;404189749;408486435;9640000000;323000000;3421000000;15904000000;;-11471000000;-13645000000;-1436000000;971000000;-1445000000;-2181000000;-150000000;-72000000
CI;378114;USD;2020;FY;2020-12-31;2021-02-25;2023-02-23;368389000;368389000;8489000000;2802000000;-4539000000;10350000000;-1094000000;612000000;2976000000;-15000000;-4736000000;-3666000000;-8533000000;41000000;4834000000
CI;378114;USD;2021;FY;2021-12-31;2022-02-24;2024-02-29;335166000;337579000;5420000000;2923000000;-273000000;7191000000;;-513000000;-3458000000;-1341000000;521000000;-7416000000;-8365000000;-65000000;-4697000000
CI;378114;USD;2022;FY;2022-12-31;2023-02-23;2025-02-27;337962000;337962000;6782000000;2937000000;-1647000000;8656000000;-1295000000;1354000000;3098000000;-1384000000;-2559000000;-7218000000;-11240000000;-86000000;428000000
CI;378114;USD;2023;FY;2023-12-31;2024-02-29;2026-02-26;296882000;296882000;5372000000;3035000000;-82000000;11813000000;-1573000000;-1698000000;-5174000000;-1450000000;-278000000;-2097000000;-4294000000;16000000;2361000000
CI;378114;USD;2024;FY;2024-12-31;2025-02-27;2026-02-26;283218000;283218000;3778000000;2775000000;2618000000;10363000000;-1406000000;1061000000;-2102000000;-1567000000;1060000000;-6729000000;-7647000000;-20000000;594000000
CINF;248488;USD;2020;FY;2020-12-31;2021-02-25;2023-02-23;161200000;162400000;1216000000;109000000;-711000000;1491000000;-20000000;224000000;-560000000;-375000000;15000000;-254000000;-798000000;;133000000
CINF;248488;USD;2021;FY;2021-12-31;2022-02-24;2024-02-26;161100000;162900000;2968000000;118000000;-1903000000;1981000000;-15000000;-791000000;-1057000000;-395000000;;-131000000;-685000000;;239000000
CINF;248488;USD;2022;FY;2022-12-31;2023-02-23;2025-02-24;161100000;162900000;-487000000;127000000;1085000000;2052000000;-15000000;-358000000;-933000000;-423000000;-4000000;-400000000;-994000000;;125000000
CINF;248488;USD;2023;FY;2023-12-31;2024-02-26;2026-02-23;157000000;158100000;1843000000;112000000;-920000000;2052000000;-18000000;-1212000000;-1608000000;-454000000;-25000000;-58000000;-801000000;;-357000000
CINF;248488;USD;2024;FY;2024-12-31;2025-02-24;2026-02-23;156400000;157800000;2292000000;130000000;-1355000000;2649000000;-22000000;-931000000;-1696000000;-490000000;;-116000000;-877000000;;76000000
CNA;446249;USD;2020;FY;2020-12-31;2021-02-09;2023-02-07;271600000;272400000;690000000;60000000;-75000000;1775000000;-23000000;-702000000;-705000000;-950000000;76000000;-18000000;-902000000;9000000;177000000
CNA;446249;USD;2021;FY;2021-12-31;2022-02-08;2024-02-06;271800000;272800000;1184000000;-27000000;-211000000;1997000000;-26000000;-1015000000;-1237000000;-621000000;;-18000000;-639000000;-4000000;117000000
CNA;446249;USD;2022;FY;2022-12-31;2023-02-07;2025-02-11;271600000;272500000;682000000;-78000000;258000000;2502000000;-52000000;-1339000000;-1523000000;-982000000;;-39000000;-1021000000;-19000000;-61000000
CNA;446249;USD;2023;FY;2023-12-31;2024-02-06;2026-02-10;271300000;272200000;1205000000;-118000000;-32000000;2285000000;-90000000;-1229000000;-1857000000;-787000000;248000000;-24000000;-563000000;5000000;-130000000
CNA;446249;USD;2024;FY;2024-12-31;2025-02-11;2026-02-10;271500000;272700000;959000000;-133000000;-142000000;2571000000;-95000000;-1136000000;-1329000000;-1025000000;-60000000;-20000000;-1105000000;-10000000;127000000
CNFR;847219;USD;2024;FY;2024-12-31;2025-03-28;2026-03-27;12222881;12222881;-34240000;1671000;-2536000;-32679000;;212790000;70294000;-439000;-14250000;-6000000;-21086000;;16529000
CNO;1234043;USD;2022;FY;2022-12-31;2023-02-24;2025-02-26;126429000;129018000;3454700000;;-1607500000;831400000;;4804300000;-2117300000;-64800000;-76300000;-176600000;1199100000;;-86800000
CNO;1234043;USD;2023;FY;2023-12-31;2024-02-23;2025-02-26;113275000;115124000;3614100000;;-1638300000;960800000;;2785600000;-1250200000;-68100000;623800000;-152900000;533500000;;244100000
DGICA;7962826;USD;2022;FY;2022-12-31;2023-03-06;2025-03-10;31986065;32113443;-1959405;4841559;50204370;67110020;28290;-53897823;-98498303;-20502716;;19304956;-1197760;;-32586043
EIG;6767745;USD;2020;FY;2020-12-31;2021-02-23;2023-02-24;29912063;30204864;119800000;8200000;3500000;33000000;-5500000;127000000;84300000;-30500000;20000000;-99400000;-111900000;;5400000
EIG;6767745;USD;2021;FY;2021-12-31;2022-02-24;2024-02-26;28289118;28600993;119300000;7400000;-103600000;10800000;-3600000;0;-1700000;-29000000;-20000000;-42600000;-94400000;;-85300000
EIG;6767745;USD;2022;FY;2022-12-31;2023-02-24;2025-02-28;27503941;27680988;48400000;5300000;41200000;99800000;-2600000;-11200000;-146100000;-90300000;182500000;-30400000;60400000;;14100000
EIG;6767745;USD;2023;FY;2023-12-31;2024-02-26;2026-02-26;26368801;26523651;118100000;4800000;-60000000;49400000;-2200000;317700000;377300000;-29700000;-182500000;;-289500000;;137200000
EIG;6767745;USD;2024;FY;2024-12-31;2025-02-28;2026-02-26;25050605;25194814;118600000;3600000;-76600000;76400000;-4900000;-181300000;-159700000;-30300000;;;-74800000;;-158100000
ELV;378099;USD;2020;FY;2020-12-31;2021-02-18;2023-02-15;250800000;254300000;4572000000;1154000000;-324000000;10688000000;-1021000000;16059000000;-7324000000;-954000000;188000000;-2524000000;-2567000000;7000000;804000000
ELV;378099;USD;2021;FY;2021-12-31;2022-02-16;2024-02-21;242714676;245500000;6149000000;1302000000;-280000000;8364000000;-1087000000;-4056000000;-9611000000;-1104000000;2719000000;-1697000000;396000000;-10000000;-861000000
ELV;378099;USD;2022;FY;2022-12-31;2023-02-15;2025-02-20;241770746;246800000;5888000000;1675000000;424000000;8399000000;;22608000000;-4560000000;-1229000000;1795000000;-2134000000;-1318000000;-14000000;2507000000
ELV;378099;USD;2023;FY;2023-12-31;2024-02-21;2026-02-06;235900000;237400000;5991000000;1745000000;781000000;8061000000;;13536000000;-5572000000;-1395000000;739000000;-2524000000;-3349000000;-1000000;-861000000
ELV;378099;USD;2024;FY;2024-12-31;2025-02-20;2026-02-06;231700000;232900000;5971000000;1393000000;85000000;5808000000;;18572000000;-5167000000;-1508000000;5562000000;-2679000000;1193000000;-6000000;1828000000
ERIE;446629;USD;2023;FY;2023-12-31;2024-02-26;2026-02-23;46191523;52299411;;;1405191000;381205000;-92647000;-53790000;-157565000;-221675000;;;-221675000;;1965000
ERIE;446629;USD;2024;FY;2024-12-31;2025-02-27;2026-02-23;46191586;52306266;;;1710572000;611249000;-124845000;-68752000;-219399000;-237508000;;;-237508000;;154342000
ESGR;446639;USD;2021;FY;2021-12-31;2022-02-24;2023-03-01;18349483;18548368;553000000;74000000;2167000000;3801000000;;3415000000;-2573000000;-36000000;242000000;-942000000;-737000000;;491000000
ESNT;1055099;USD;2020;FY;2020-12-31;2021-02-26;2023-02-17;106098000;106376000;413041000;3328000;76590000;727931000;;-735352000;-1154417000;-69410000;100000000;433608000;457966000;;31480000
ESNT;1055099;USD;2021;FY;2021-12-31;2022-02-16;2024-02-16;111001000;111387000;681783000;3379000;105760000;709256000;;-935889000;-583167000;-77724000;100000000;-163855000;-147428000;;-21339000
ESNT;1055099;USD;2022;FY;2022-12-31;2023-02-17;2025-02-19;107205000;107653000;831353000;3024000;89149000;588817000;;-383052000;-398872000;-92128000;;-97914000;-190196000;;-251000
ESNT;1055099;USD;2023;FY;2023-12-31;2024-02-16;2026-02-18;106222000;107129000;696386000;4525000;44105000;763001000;-4002000;1371783000;-525569000;-106215000;;-70670000;-176885000;;60547000
ESNT;1055099;USD;2024;FY;2024-12-31;2025-02-19;2026-02-18;105394000;106550000;729403000;5783000;77443000;861532000;-6766000;826709000;-706926000;-118042000;73160000;-111543000;-164913000;;-10307000
FNHC;1322470;USD;2020;FY;2020-12-31;2021-03-29;2022-04-25;13846000;13846000;-78158000;1904000;-3117000;-91908000;;79724000;76367000;-5077000;;-10376000;-15453000;;-30994000
FNHC;1322470;USD;2021;FY;2021-12-31;2022-04-25;2022-04-25;13846000;13846000;-103100000;1916000;6664000;-191171000;;138766000;136930000;;19818000;15582000;35400000;;-18841000
GBLI;7962894;USD;2020;FY;2020-12-31;2021-03-12;2023-03-15;14291265;14291265;-21006000;7027000;62378000;32670000;;707034000;174585000;-14385000;-173629000;3847000;-184167000;;23088000
GBLI;7962894;USD;2021;FY;2021-12-31;2022-03-16;2024-03-15;14426739;14664330;29354000;10414000;67701000;90799000;;27915000;-64519000;-14871000;;-490000;-15361000;;10919000
GBLI;7962894;USD;2022;FY;2022-12-31;2023-03-15;2025-03-11;14482164;14482164;-850000;8398000;99762000;44236000;;-30857000;80134000;-14806000;-130000000;-18996000;-163802000;;-39432000
GBLI;7962894;USD;2023;FY;2023-12-31;2024-03-15;2026-03-10;13553168;13666408;25429000;6199000;19996000;42886000;;-19028000;-16330000;-14688000;;-12677000;-27365000;;-809000
GBLI;7962894;USD;2024;FY;2024-12-31;2025-03-11;2026-03-10;13664542;13800877;43241000;5764000;-50835000;38835000;;-53941000;-39505000;-19829000;;-529000;-20358000;;-21028000
GL;378226;USD;2020;FY;2020-12-31;2021-02-25;2023-02-23;106075267;107224594;731773000;;744661000;1476434000;;-750442000;-1181730000;-78192000;278680000;-395773000;-274057000;-1733000;18914000
GL;378226;USD;2021;FY;2021-12-31;2022-02-24;2024-02-28;100538418;101109659;1031114000;;406566000;1437680000;-38244000;-819689000;-913370000;-80043000;99974000;-471609000;-523603000;-3391000;-2684000
GL;378226;USD;2022;FY;2022-12-31;2023-02-23;2025-02-26;100538418;101109659;894386000;;527808000;1422194000;-27929000;-730752000;-943015000;-80547000;54203000;-348046000;-492453000;13670000;396000
GL;378226;USD;2023;FY;2023-12-31;2024-02-28;2026-02-25;95098474;96363841;970755000;;536469000;1482425000;-49553000;-687639000;-926149000;-84116000;37349000;-397020000;-541487000;-4192000;10597000
GL;378226;USD;2024;FY;2024-12-31;2025-02-26;2026-02-25;89278574;89661422;1070762000;;349260000;1402440000;-71045000;-373857000;-641516000;-499264000;628837000;-950323000;-715835000;17080000;62169000
GNW;527413;USD;2020;FY;2020-12-31;2021-02-26;2023-02-28;505200000;511600000;698000000;463000000;-1143000000;1960000000;;-1051000000;-1153000000;;248000000;;-1507000000;;-685000000
GNW;527413;USD;2021;FY;2021-12-31;2022-02-28;2023-02-28;507400000;514200000;918000000;377000000;-1156000000;437000000;;1237000000;896000000;;-1541000000;;-2419000000;;-1085000000
GNW;527413;USD;2022;FY;2022-12-31;2023-02-28;2026-02-27;504500000;511000000;199000000;264000000;-1173000000;597000000;;1430000000;1261000000;;-32000000;-296000000;-1443000000;1000000;416000000
GNW;527413;USD;2023;FY;2023-12-31;2024-02-28;2025-02-28;468800000;474900000;199000000;264000000;-1173000000;597000000;;1430000000;1261000000;;-32000000;-296000000;-1443000000;1000000;416000000
GNW;527413;USD;2024;FY;2024-12-31;2025-02-28;2026-02-27;433900000;439400000;437000000;249000000;-1222000000;88000000;;743000000;861000000;;-74000000;-189000000;-1115000000;-1000000;-167000000
HALL;9076155;USD;2020;FY;2020-12-31;2021-03-15;2022-03-16;181495;181495;-94351000;5754000;261096000;-69327000;;124354000;122687000;;;;;;53360000
HALL;9076155;USD;2021;FY;2021-12-31;2022-03-16;2023-03-28;181600;181600;-9775000;2299000;44127000;43768000;-1910000;206511000;204601000;;;;;;248369000
HALL;9076155;USD;2022;FY;2022-12-31;2023-03-28;2023-03-28;180080000;181650000;-134927000;2021000;-120369000;-164957000;-2198000;-134426000;-103101000;;;;;;-268058000
HCI;7962862;USD;2020;FY;2020-12-31;2021-03-12;2023-03-10;7351000;9694000;27580000;8747000;-47293000;77311000;-6437000;110030000;143215000;-12388000;6952000;-6645000;-16705000;2000;203823000
HCI;7962862;USD;2021;FY;2021-12-31;2022-03-10;2024-03-08;8092000;8580000;7242000;5549000;47269000;101783000;-3318000;37691000;31572000;-14065000;-9720000;-1314000;64301000;-54000;197602000
HCI;7962862;USD;2022;FY;2022-12-31;2023-03-10;2025-02-28;8092000;8580000;-54603000;8010000;662445000;-12000;-6341000;-423240000;-434537000;-15233000;156491000;-88312000;41067000;-98000;-393580000
HCI;7962862;USD;2023;FY;2023-12-31;2024-03-08;2026-02-26;8367000;11044000;89257000;8184000;-252621000;230676000;-6502000;10594000;4251000;-13719000;4543000;84572000;67117000;-42000;302002000
HCI;7962862;USD;2024;FY;2024-12-31;2025-02-28;2026-02-26;9997000;12686000;127581000;4299000;269202000;331816000;-4052000;-242364000;-260110000;-16598000;43015000;;-75174000;-112000;-3580000
HGTY;11794944;USD;2020;FY;2020-12-31;2021-03-24;2022-03-24;82327466;82327466;10039000;11800000;27288000;84572000;-38258000;;-47388000;-4000000;43900000;;39948000;885000;78017000
HGTY;11794944;USD;2021;FY;2021-12-31;2022-03-24;2024-03-12;82327000;82327000;-61354000;22144000;45077000;42281000;-43370000;-11063000;720667000;-4056000;65538000;;-457590000;-464000;304894000
HGTY;11794944;USD;2022;FY;2022-12-31;2023-03-14;2025-03-04;82728000;336147000;2403000;33887000;-28369000;55328000;-44375000;-3018000;-91521000;;-28133000;;-28084000;-504000;-64781000
HGTY;11794944;USD;2023;FY;2023-12-31;2024-03-12;2026-02-26;84180000;340323000;28179000;45809000;-8810000;133706000;-26403000;-3100000;-52647000;;21697000;79159000;103161000;865000;185085000
HGTY;11794944;USD;2024;FY;2024-12-31;2025-03-04;2026-02-26;87529000;88504000;78303000;38905000;22245000;177024000;-21344000;-556236000;-618564000;-5600000;-28803000;;-46922000;-2969000;-491431000
HIG;387752;USD;2020;FY;2020-12-31;2021-02-19;2023-02-24;358300000;360600000;1737000000;562000000;218000000;3871000000;;-1044000000;-2066000000;-478000000;-500000000;-150000000;-1778000000;8000000;-23000000
HIG;387752;USD;2021;FY;2021-12-31;2022-02-18;2024-02-23;345600000;345600000;2371000000;680000000;-705000000;4093000000;;-251000000;-2377000000;-506000000;588000000;-1702000000;-1670000000;-6000000;98000000
HIG;387752;USD;2022;FY;2022-12-31;2023-02-24;2025-02-21;345600000;345600000;1819000000;625000000;550000000;4008000000;-175000000;369000000;-1277000000;-527000000;-600000000;-1550000000;-2710000000;-14000000;7000000
HIG;387752;USD;2023;FY;2023-12-31;2024-02-23;2026-02-20;307100000;311500000;2504000000;510000000;257000000;4220000000;;-1307000000;-2431000000;-549000000;;-1400000000;-1947000000;3000000;-155000000
HIG;387752;USD;2024;FY;2024-12-31;2025-02-21;2026-02-20;293900000;298600000;3111000000;356000000;164000000;5909000000;;-2860000000;-3768000000;-577000000;;-1514000000;-2076000000;-20000000;45000000
HIPO;11817142;USD;2020;FY;2020-12-31;2021-05-11;2022-03-14;139037;139037;-141400000;6700000;59600000;-65400000;-400000;107500000;-2300000;;;157000000;518100000;;450400000
HIPO;11817142;USD;2021;FY;2021-12-31;2022-03-14;2023-03-02;435470;435470;-367900000;11000000;172800000;-124500000;-800000;16500000;-30000000;;;34500000;480800000;;326300000
HIPO;11817142;USD;2022;FY;2022-12-31;2023-03-02;2025-03-06;22747101;22747101;-326500000;15200000;105200000;-161500000;-4900000;-72100000;-405900000;;;4100000;-6800000;;-574200000
HIPO;11817142;USD;2023;FY;2023-12-31;2024-03-06;2026-03-05;23578922;23578922;-263000000;19800000;105900000;-92400000;-29600000;-36500000;57600000;;;1000000;-14600000;;-49400000
HIPO;11817142;USD;2024;FY;2024-12-31;2025-03-06;2026-03-05;24699913;24699913;-28600000;23200000;19800000;47500000;-300000;-47200000;30300000;;;-8900000;-40100000;;37700000
HMN;6767655;USD;2020;FY;2020-12-31;2021-02-26;2023-02-28;41414218;42000000;133300000;23400000;16300000;259800000;;-935400000;-406800000;-53500000;4000000;200000;143800000;;-3200000
HMN;6767655;USD;2021;FY;2021-12-31;2022-02-25;2024-02-27;41393484;42200000;170400000;18400000;-22100000;204900000;;-48900000;-302000000;-51400000;-297000000;-5000000;208500000;;111400000
HRTG;640779;USD;2020;FY;2020-12-31;2021-03-09;2023-03-13;27978519;27988966;9326000;8101000;-3020000;170211000;-755000;41773000;22062000;-6852000;-9665000;-9997000;-28898000;;163375000
HRTG;640779;USD;2021;FY;2021-12-31;2022-03-14;2024-03-13;27938028;27938028;-74727000;8449000;56681000;60131000;-1007000;-125873000;-124480000;-6709000;-2149000;-8192000;-17281000;;-81630000
HRTG;640779;USD;2022;FY;2022-12-31;2023-03-13;2025-03-13;26343826;26343826;-154363000;8359000;86131000;-34260000;-12382000;-33674000;-37862000;-4770000;7149000;-7343000;-5058000;;-77180000
HRTG;640779;USD;2023;FY;2023-12-31;2024-03-13;2025-03-13;26193065;26252328;45307000;8689000;692000;70415000;-9890000;101768000;100806000;-11000;-9680000;24666000;14546000;;185767000
HRTG;640779;USD;2024;FY;2024-12-31;2025-03-13;2025-03-13;30595348;30654611;61539000;9551000;-4140000;87095000;-8230000;-83458000;-91599000;54000;-4270000;-3000;-5190000;;-9694000
HUM;234479;USD;2020;FY;2020-12-31;2021-02-18;2023-02-16;132199000;133012000;3367000000;616000000;-536000000;5639000000;-964000000;-1392000000;-4004000000;-323000000;983000000;-1820000000;-1016000000;;619000000
HUM;234479;USD;2021;FY;2021-12-31;2022-02-17;2024-02-15;128518000;128518000;2934000000;713000000;-869000000;2262000000;-1316000000;-1053000000;-6556000000;-354000000;3758000000;-79000000;3015000000;;-1279000000
HUM;234479;USD;2022;FY;2022-12-31;2023-02-16;2025-02-20;128688000;129396000;2802000000;845000000;336000000;4587000000;-1137000000;-2250000000;987000000;-392000000;-1394000000;-2096000000;-3907000000;;1667000000
HUM;234479;USD;2023;FY;2023-12-31;2024-02-15;2026-02-19;123866000;124441000;2484000000;917000000;386000000;3981000000;-1004000000;-2465000000;-2664000000;-431000000;423000000;-1573000000;-1684000000;;-367000000
HUM;234479;USD;2024;FY;2024-12-31;2025-02-20;2026-02-19;120571000;120869000;1214000000;968000000;522000000;2966000000;-575000000;-1827000000;-4885000000;-431000000;218000000;-817000000;-554000000;;-2473000000
IHC;667823;USD;2020;FY;2020-12-31;2021-03-16;2021-03-16;14733000;14791000;19118000;4621000;13060000;51422000;;34176000;13116000;-6222000;;-7355000;-14376000;;50162000
ITIC;9075774;USD;2020;FY;2020-12-31;2021-03-15;2022-03-14;1892000;1896000;39420000;2263000;-3573000;34095000;-3117000;-12559000;-14600000;-31716000;;-6000;-31721000;;-12226000
ITIC;9075774;USD;2021;FY;2021-12-31;2022-03-14;2023-03-14;1894000;1900000;67020000;2436000;-15512000;51931000;205000;32823000;9068000;-37553000;;;-37554000;;23445000
ITIC;9075774;USD;2022;FY;2022-12-31;2023-03-14;2024-03-15;1897000;1898000;23903000;2298000;6653000;36204000;26000;33957000;-23065000;-9181000;;-133000;-9315000;;3824000
ITIC;9075774;USD;2023;FY;2023-12-31;2024-03-15;2026-03-16;1893000;1893000;21686000;2760000;-13049000;7426000;;8845000;-6699000;-11048000;;-959000;-12007000;;-11280000
ITIC;9075774;USD;2024;FY;2024-12-31;2025-03-17;2026-03-16;1885000;1892000;31073000;3320000;-8030000;29840000;;-46709000;1747000;-29865000;;-1099000;-30964000;;623000
JRVR;7962648;USD;2020;FY;2020-12-31;2021-02-26;2023-02-28;30552210;30884416;4824000;5019000;270130000;-273830000;;-290584000;-175991000;-37051000;104000000;-1024000;65925000;;-383896000
KINS;9076149;USD;2024;FY;2024-12-31;2025-03-18;2026-03-16;11478899;12423769;18358436;2448932;6238904;57947771;-2337205;-32924236;-35261441;;-14000000;13674518;-2993887;;19692443
KMPR;1234775;USD;2023;FY;2023-12-31;2024-02-07;2026-02-11;64025600;64025600;-272300000;58600000;460100000;-134200000;;330200000;107900000;;;;;;-26300000
KNSL;1022619;USD;2020;FY;2020-12-31;2021-02-25;2023-02-24;22319000;22852000;88419000;1574000;157864000;279974000;-32875000;-314813000;-379433000;-8073000;25700000;60320000;76144000;;-23315000
KNSL;1022619;USD;2021;FY;2021-12-31;2022-02-25;2024-02-23;22714000;23064000;152659000;2308000;222938000;407042000;-5920000;-321168000;-351955000;-10021000;;982000;-11140000;;43947000
KNSL;1022619;USD;2022;FY;2022-12-31;2023-02-24;2025-02-21;22714000;23064000;159114000;2721000;369650000;557815000;-6901000;-572905000;-708573000;-11927000;155000000;48588000;185992000;;35234000
KNSL;1022619;USD;2023;FY;2023-12-31;2024-02-23;2026-02-20;23045000;23307000;308093000;3274000;426037000;859835000;-6607000;-864306000;-860892000;-12954000;-12000000;877000;-28523000;;-29580000
KNSL;1022619;USD;2024;FY;2024-12-31;2025-02-21;2026-02-20;23153000;23332000;414843000;5802000;546710000;976301000;-23943000;-781449000;-960125000;-13940000;;-8670000;-29657000;;-13481000
L;378182;USD;2020;FY;2020-12-31;2021-02-09;2023-02-07;280320000;280320000;-1291000000;734000000;1917000000;2316000000;-710000000;-1273000000;-1985000000;-70000000;933000000;-923000000;-198000000;9000000;142000000
L;378182;USD;2021;FY;2021-12-31;2022-02-08;2024-02-06;256760000;257300000;1685000000;515000000;-555000000;2672000000;-482000000;-1015000000;-1248000000;-65000000;6000000;-1136000000;-1277000000;-4000000;143000000
L;378182;USD;2022;FY;2022-12-31;2023-02-07;2025-02-11;242830000;243280000;891000000;509000000;346000000;3314000000;-660000000;-1339000000;-2347000000;;;;;;967000000
L;378182;USD;2023;FY;2023-12-31;2024-02-06;2026-02-10;227480000;227810000;1545000000;538000000;116000000;3907000000;-686000000;-936000000;-2745000000;;;;;;1162000000
L;378182;USD;2024;FY;2024-12-31;2025-02-11;2026-02-10;220260000;220530000;1494000000;583000000;-132000000;3025000000;-632000000;-641000000;-1975000000;;;;;;1050000000
LMND;1070336;USD;2020;FY;2020-12-31;2021-03-08;2023-03-03;33654828;33654828;-122300000;1700000;96900000;-91700000;;;50100000;;;1800000;341100000;1600000;301100000
LMND;1070336;USD;2021;FY;2021-12-31;2022-03-01;2024-02-28;61580145;61580145;-241300000;3700000;95000000;-144600000;;;-804800000;;;9300000;649600000;-1000000;-300800000
LMND;1070336;USD;2022;FY;2022-12-31;2023-03-03;2025-02-26;64921524;64921524;-297800000;12200000;147900000;-163000000;;;181100000;;;3600000;3600000;-5800000;15900000
LMND;1070336;USD;2023;FY;2023-12-31;2024-02-28;2026-02-25;69658912;69658912;-236900000;20000000;22800000;-119100000;;;88700000;;14900000;500000;15400000;;-15000000
LMND;1070336;USD;2024;FY;2024-12-31;2025-02-26;2026-02-25;71023115;71023115;-202200000;20000000;11900000;-11400000;;;40600000;;68400000;19300000;87700000;-2700000;114200000
LNC;243942;USD;2020;FY;2020-12-31;2021-02-18;2023-03-30;193610225;194465180;499000000;;871000000;534000000;;-9981000000;-9481000000;-311000000;193000000;-282000000;8092000000;;-855000000
LNC;243942;USD;2021;FY;2021-12-31;2022-02-17;2024-02-22;186089222;186089222;3778000000;;-2921000000;-217000000;;-5026000000;-3584000000;-319000000;;-1085000000;4705000000;;904000000
LNC;243942;USD;2022;FY;2022-12-31;2023-02-16;2025-02-21;186089222;186089222;1358000000;;-2456000000;3609000000;;-7063000000;-11646000000;-310000000;-4000000;420000000;8768000000;;731000000
LNC;243942;USD;2023;FY;2023-12-31;2024-02-22;2026-02-19;169562903;170738655;-752000000;;4366000000;-636000000;;-1967000000;-4772000000;-387000000;-500000000;-7000000;5430000000;;22000000
LNC;243942;USD;2024;FY;2024-12-31;2025-02-21;2026-02-19;170597104;173080425;3275000000;;-2212000000;-2007000000;;-1073000000;821000000;-398000000;246000000;-5000000;3622000000;;2436000000
MET;380562;USD;2020;FY;2020-12-31;2021-02-19;2023-02-23;907800000;913200000;5418000000;619000000;723000000;11639000000;;-11797000000;-18569000000;-1859000000;877000000;-193000000;10729000000;163000000;3962000000
MET;380562;USD;2021;FY;2021-12-31;2022-02-18;2024-02-16;838100000;845200000;6876000000;694000000;240000000;12347000000;;-11549000000;-11187000000;;;;;;1160000000
MET;380562;USD;2022;FY;2022-12-31;2023-02-23;2025-02-21;862700000;869400000;5302000000;673000000;6237000000;13044000000;;9207000000;101281000000;-1783000000;878000000;-3326000000;-113849000000;-397000000;79000000
MET;380562;USD;2023;FY;2023-12-31;2024-02-16;2026-02-19;757700000;762300000;1602000000;718000000;7846000000;13721000000;;-4509000000;85341000000;-1764000000;712000000;-3103000000;-98527000000;-91000000;444000000
MET;380562;USD;2024;FY;2024-12-31;2025-02-21;2026-02-19;706400000;711100000;4444000000;714000000;6426000000;14598000000;;-8961000000;86384000000;-1727000000;-982000000;-3207000000;-101008000000;-545000000;-571000000
MKL;205470;USD;2020;FY;2020-12-31;2021-02-19;2023-02-17;13811000;13823000;831767000;307069000;813920000;1737587000;-101301000;1092642000;-511748000;-18400000;-52813000;565059000;434556000;55901000;1716296000
MKL;205470;USD;2021;FY;2021-12-31;2022-02-18;2024-02-23;13702000;13749000;2445867000;336393000;-2881559000;-1082451000;-145249000;908681000;418716000;-36000000;711775000;-206518000;369767000;-41734000;-335702000
MKL;205470;USD;2022;FY;2022-12-31;2023-02-17;2025-02-24;13768000;13800000;-103357000;309448000;1197771000;363336000;-254712000;1394345000;845282000;-36000000;-220953000;-290796000;-764691000;-103361000;340566000
MKL;205470;USD;2023;FY;2023-12-31;2024-02-23;2026-02-26;13347000;13378000;2101090000;319734000;-3981434000;-2347078000;-258619000;2425168000;2430278000;-36000000;-324664000;-445479000;-999716000;27037000;-889479000
MKL;205470;USD;2024;FY;2024-12-31;2025-02-24;2026-02-26;13017000;13041000;2847406000;342359000;-2678613000;-1772016000;-254991000;2246009000;1967404000;-36000000;537456000;-572728000;-297878000;-37296000;-139786000
MMC;85544;USD;2020;FY;2020-12-31;2021-02-17;2023-02-13;506000000;512000000;2046000000;741000000;376000000;3382000000;-348000000;130000000;-793000000;-943000000;-778000000;132000000;-925000000;2686000000;4350000000
MMC;85544;USD;2021;FY;2021-12-31;2022-02-16;2024-02-12;507000000;513000000;3174000000;747000000;-64000000;3516000000;-406000000;41000000;-1164000000;-1026000000;-273000000;-998000000;-1297000000;345000000;1400000000
MMC;85544;USD;2022;FY;2022-12-31;2023-02-13;2025-02-10;507000000;513000000;3087000000;719000000;232000000;3465000000;-470000000;86000000;-850000000;-1138000000;619000000;-1824000000;-1046000000;-113000000;1456000000
MMC;85544;USD;2023;FY;2023-12-31;2024-02-12;2026-02-09;494000000;499000000;4165000000;713000000;58000000;4258000000;-433000000;-19000000;-1426000000;-1298000000;1903000000;-951000000;-1110000000;328000000;2050000000
MMC;85544;USD;2024;FY;2024-12-31;2025-02-10;2026-02-09;492000000;496000000;4485000000;746000000;-83000000;4302000000;-227000000;-53000000;-8819000000;-1513000000;6530000000;-636000000;4453000000;-414000000;-478000000
MTG;1067477;USD;2020;FY;2020-12-31;2021-02-23;2023-02-22;339953000;359293000;446093000;57812000;55146000;732309000;-3311000;836851000;-772506000;-82061000;424123000;-119997000;167821000;;127624000
MTG;1067477;USD;2021;FY;2021-12-31;2022-02-23;2024-02-21;335938000;335938000;634983000;66014000;51445000;696317000;-4115000;1374495000;-160749000;-94219000;-98610000;-290818000;-527290000;;8278000
MTG;1067477;USD;2022;FY;2022-12-31;2023-02-22;2025-02-26;305847000;311229000;865349000;54252000;64790000;650012000;-3254000;1088145000;410485000;-110947000;-486414000;-385573000;-1032542000;;27955000
MTG;1067477;USD;2023;FY;2023-12-31;2024-02-21;2026-02-25;283605000;287155000;712949000;35230000;43217000;712962000;-1999000;-179527000;-179190000;-122965000;-28637000;-337182000;-496041000;;37731000
MTG;1067477;USD;2024;FY;2024-12-31;2025-02-26;2026-02-25;261684000;263995000;762994000;18436000;41312000;725032000;-1174000;-140831000;-142005000;-130500000;;-569478000;-719044000;;-136017000
NMIH;1243192;USD;2020;FY;2020-12-31;2021-02-24;2023-02-15;85317000;86487000;171566000;9930000;56204000;252598000;;-661199000;-629554000;;252250000;228558000;462804000;;85848000
NMIH;1243192;USD;2021;FY;2021-12-31;2022-02-16;2024-02-15;85721000;86880000;231130000;11232000;90090000;325719000;;-351302000;-374180000;;;4704000;-1830000;;-50291000
NMIH;1243192;USD;2022;FY;2022-12-31;2023-02-15;2025-02-14;84921000;85999000;292902000;11870000;104567000;313394000;;-116923000;-289786000;;;-50615000;-55828000;;-32220000
NMIH;1243192;USD;2023;FY;2023-12-31;2024-02-15;2026-02-12;82407000;83854000;322110000;11541000;100000000;342683000;;-344949000;-200000000;;;-81064000;-90420000;;52263000
NMIH;1243192;USD;2024;FY;2024-12-31;2025-02-14;2026-02-12;79844000;81273000;360106000;11936000;104565000;393604000;;-276490000;-339286000;;14625000;-93320000;-96699000;;-42381000
OSCR;1299459;USD;2020;FY;2020-12-31;2021-02-25;2023-02-24;88865726;88865726;-406825000;11285000;454273000;222732000;-14021000;671588000;-344714000;;147000000;469547000;611707000;;489725000
OSCR;1299459;USD;2021;FY;2021-12-31;2022-02-25;2024-02-15;208159343;208159343;-571426000;14605000;195906000;-181745000;-25885000;1054771000;-774515000;;-153173000;1407096000;1238712000;;282452000
OSCR;1299459;USD;2022;FY;2022-12-31;2023-02-24;2025-02-20;212474615;212474615;-609552000;15283000;833512000;380349000;-29012000;994083000;-226519000;;305000000;1299000;301110000;;454940000
OSCR;1299459;USD;2023;FY;2023-12-31;2024-02-15;2026-02-13;221655493;221655493;-270594000;30694000;-302788000;-272159000;-25577000;605041000;577187000;;;3956000;6446000;;311474000
OSCR;1299459;USD;2024;FY;2024-12-31;2025-02-20;2026-02-13;240386000;265853000;26121000;32145000;569610000;978193000;-27897000;-1363466000;-1387434000;;;68388000;68388000;;-340853000
PFG;367240;USD;2020;FY;2020-12-31;2021-02-12;2023-02-16;274700000;276600000;1428500000;251900000;1688600000;3709300000;;8819500000;-4996500000;-614500000;530500000;-264200000;1621100000;;333900000
PFG;367240;USD;2021;FY;2021-12-31;2022-02-11;2024-02-20;266100000;266100000;1580200000;;-1624100000;-78300000;;190200000;1600800000;-654100000;;-850500000;-1504600000;;17900000
PGR;378203;USD;2020;FY;2020-12-31;2021-03-01;2023-02-27;584900000;587600000;5704600000;331800000;-1427200000;6905600000;21900000;-2606500000;-6360700000;-1577800000;986300000;-104300000;-695800000;;-150900000
PGR;378203;USD;2021;FY;2021-12-31;2022-02-28;2024-02-26;584700000;584700000;3350900000;337400000;3647600000;7761700000;-177300000;-2677200000;-3119800000;-3773300000;-520000000;-223000000;-4516300000;;125600000
PGR;378203;USD;2022;FY;2022-12-31;2023-02-27;2024-02-26;584700000;584700000;721500000;336600000;5695900000;6848800000;-256900000;-7521500000;-7956200000;-260800000;1486000000;-99000000;1126200000;;18800000
PGR;378203;USD;2023;FY;2023-12-31;2024-02-26;2024-02-26;585400000;587300000;3902400000;299700000;5996600000;10643300000;-204800000;-10626600000;-10842600000;-277600000;496300000;-140700000;78000000;;-121300000
PLMR;10384259;USD;2020;FY;2020-12-31;2021-03-09;2023-03-01;24872251;25598647;6257000;1336000;-8452000;57493000;-132000;-171720000;-185385000;;;128329000;128329000;;437000
PLMR;10384259;USD;2021;FY;2021-12-31;2022-02-25;2024-02-23;25459514;26111904;45847000;3544000;-13281000;87814000;-18000;-54823000;-58188000;;;-13041000;-13041000;;16585000
PLMR;10384259;USD;2022;FY;2022-12-31;2023-03-01;2025-02-25;25243397;25796008;52170000;4115000;15638000;169583000;-313000;-149906000;-156807000;;36400000;-31383000;5017000;;17793000
PLMR;10384259;USD;2023;FY;2023-12-31;2024-02-23;2026-02-24;24822004;25327091;79201000;4503000;3382000;116106000;;-113190000;-128478000;;16200000;-20230000;-3940000;;-16312000
PLMR;10384259;USD;2024;FY;2024-12-31;2025-02-25;2026-02-24;25520343;26223842;117573000;5106000;-23767000;261157000;;-290549000;-306244000;;-52600000;123616000;73774000;;28687000
PRA;6767789;USD;2020;FY;2020-12-31;2021-02-26;2023-02-27;53863000;53906000;-175727000;21375000;185767000;92343000;;-220479000;-8484000;-38664000;-1502000;;-43446000;;40413000
PRA;6767789;USD;2021;FY;2021-12-31;2022-02-22;2024-02-27;53962000;54058000;144124000;37247000;-120303000;73970000;-3840000;-591494000;-85526000;-10758000;-36113000;;-60624000;;-72180000
PRA;6767789;USD;2022;FY;2022-12-31;2023-02-27;2025-02-24;54008000;54140000;-402000;38063000;56997000;-29841000;-4353000;-138715000;-61997000;-10768000;;-3252000;-21805000;;-113643000
PRA;6767789;USD;2023;FY;2023-12-31;2024-02-27;2026-02-23;52642000;52788000;-38604000;26015000;44645000;-49885000;-4790000;27122000;141139000;-5379000;0;-50488000;-55315000;;35939000
PRA;6767789;USD;2024;FY;2024-12-31;2025-02-24;2026-02-23;51097000;51266000;52744000;17751000;14748000;-10715000;-9016000;-78534000;10672000;;-4687000;8000;-10974000;;-11017000
PRI;1055098;USD;2020;FY;2020-12-31;2021-03-01;2023-02-28;40065000;40185000;386164000;17697000;332473000;643417000;;-22635000;-53529000;-64346000;;-231431000;-301790000;2595000;290693000
PRI;1055098;USD;2021;FY;2021-12-31;2022-03-01;2024-02-28;39561000;39679000;475985000;29836000;-634954000;656956000;;-400845000;-923383000;-74636000;213609000;-18751000;107974000;3385000;-155068000
PRI;1055098;USD;2022;FY;2022-12-31;2023-02-28;2025-02-28;37997000;38106000;467030000;34174000;-197295000;757665000;;-177923000;-200048000;-83783000;;-356306000;-457850000;-3028000;96739000
PRI;1055098;USD;2023;FY;2023-12-31;2024-02-28;2026-02-27;35954000;36027000;576601000;31964000;-180615000;692517000;;-55724000;-90051000;-93715000;;-375062000;-479621000;1063000;123908000
PRI;1055098;USD;2024;FY;2024-12-31;2025-02-28;2026-02-27;34142000;34199000;470518000;23401000;69150000;862088000;;-231430000;-232250000;-112814000;;-425035000;-551141000;-4024000;74673000
PRU;78741;USD;2020;FY;2020-12-31;2021-02-19;2023-02-16;395800000;395800000;-146000000;457000000;12483000000;8368000000;;-15979000000;-16685000000;-1766000000;748000000;-347000000;5358000000;340000000;-2619000000
PRU;78741;USD;2021;FY;2021-12-31;2022-02-17;2024-02-21;383800000;386800000;8938000000;206000000;2312000000;9812000000;;-1998000000;-5342000000;-1814000000;-1143000000;-2300000000;-3011000000;-309000000;-921000000
PRU;78741;USD;2022;FY;2022-12-31;2023-02-16;2025-02-13;387200000;390100000;-1675000000;117000000;8310000000;5158000000;;-5222000000;22456000000;-1817000000;1308000000;-1325000000;-25161000000;-159000000;4365000000
RGA;448474;USD;2020;FY;2020-12-31;2021-02-26;2023-02-24;65400000;65800000;415000000;49000000;2633000000;3322000000;;-1973000000;-2680000000;-182000000;381000000;319000000;1254000000;63000000;1959000000
RGA;448474;USD;2021;FY;2021-12-31;2022-02-25;2023-02-24;68000000;68000000;617000000;43000000;3619000000;4182000000;;-5034000000;-4628000000;-194000000;-111000000;-99000000;20000000;-34000000;-460000000
RGA;448474;USD;2022;FY;2022-12-31;2023-02-24;2025-02-21;68000000;68000000;517000000;38000000;533000000;1343000000;;-5075000000;-5688000000;-205000000;106000000;-81000000;4436000000;-112000000;-21000000
RGA;448474;USD;2023;FY;2023-12-31;2024-02-21;2026-02-20;66300000;67100000;902000000;41000000;3193000000;4044000000;;-3489000000;-4066000000;-219000000;462000000;-227000000;78000000;-13000000;43000000
RGA;448474;USD;2024;FY;2024-12-31;2025-02-21;2026-02-20;65800000;66900000;717000000;46000000;8242000000;9370000000;;-11289000000;-12545000000;-229000000;612000000;-27000000;3661000000;-130000000;356000000
RLI;1059908;USD;2020;FY;2020-12-31;2021-02-19;2023-02-24;90000000;90752000;157091000;7432000;-47646000;263259000;-5768000;-436803000;-167987000;-87906000;;8648000;-79258000;;16014000
RLI;1059908;USD;2021;FY;2021-12-31;2022-02-18;2024-02-23;90578000;91460000;279354000;7394000;-97791000;384905000;-8310000;-639443000;-274826000;-135330000;50000000;1838000;-83492000;;26587000
RLI;1059908;USD;2022;FY;2022-12-31;2023-02-24;2025-02-21;90736000;91588000;583411000;7981000;-548879000;250448000;-5514000;-1986673000;48879000;-364848000;;-465000;-365313000;;-65986000
RLI;1059908;USD;2023;FY;2023-12-31;2024-02-23;2026-02-20;91192000;92154000;304611000;8545000;-41251000;464257000;-5886000;-615706000;-211803000;-140093000;-100000000;1245000;-238848000;;13606000
RLI;1059908;USD;2024;FY;2024-12-31;2025-02-21;2026-02-20;91529000;92451000;345779000;7664000;-91762000;560219000;-4697000;-695070000;-318870000;-235656000;0;-2327000;-237983000;;3366000
RNR;971614;USD;2020;FY;2020-12-31;2021-02-05;2023-02-08;47103000;47178000;993058000;16652000;-788833000;1992735000;;-1648757000;-2304689000;-99413000;-250000000;907886000;665214000;4485000;357745000
RNR;971614;USD;2021;FY;2021-12-31;2022-02-04;2024-02-21;44722000;44748000;-103440000;-20989000;3458000;1234815000;;69809000;-816296000;-100717000;30000000;-813852000;-302461000;6148000;122206000
RNR;971614;USD;2022;FY;2022-12-31;2023-02-08;2025-02-12;44722000;44748000;-1159816000;-26950000;1323337000;1603683000;;-1768820000;-3016176000;-100071000;;-166664000;725342000;22471000;-664680000
RNR;971614;USD;2023;FY;2023-12-31;2024-02-21;2026-02-11;47493000;47607000;3620127000;-134753000;-453135000;1911634000;;-1919136000;-3822636000;-110487000;785581000;1351608000;2588640000;5542000;683180000
RNR;971614;USD;2024;FY;2024-12-31;2025-02-12;2026-02-11;51186000;51339000;2960532000;258456000;178674000;4164822000;;-1693484000;-3060856000;-116224000;-75000000;-666921000;-1287515000;-17365000;-200914000
RYAN;11794920;USD;2020;FY;2020-12-31;2021-03-16;2023-03-01;106488770;106488770;70513000;67501000;38892000;135393000;-12498000;;-768508000;;1051553000;-52562000;1125304000;494895000;987084000
RYAN;11794920;USD;2021;FY;2021-12-31;2022-03-16;2024-02-28;105730008;105730008;56632000;112683000;87145000;273493000;;;-457937000;;-17608000;401993000;429284000;243074000;487914000
RYAN;11794920;USD;2022;FY;2022-12-31;2023-03-01;2025-02-21;108616420;265750444;163257000;109291000;109123000;335514000;;;-22420000;;377500000;;314756000;-126000;627724000
RYAN;11794920;USD;2023;FY;2023-12-31;2024-02-28;2026-02-13;114359968;125745139;194480000;115837000;128991000;477203000;-29776000;;-476230000;;-16500000;;-12610000;-10469000;-22106000
RYAN;11794920;USD;2024;FY;2024-12-31;2025-02-21;2026-02-13;120781234;132891487;229913000;167630000;146701000;514868000;-47001000;;-1755738000;-80236000;1286775000;-2130000;1166857000;-77041000;-151054000
SAFT;250043;USD;2020;FY;2020-12-31;2021-02-26;2023-02-28;15002755;15119027;138211000;;14761000;109460000;;30218000;-35524000;-54575000;30000000;-39999000;-64574000;;9362000
SAFT;250043;USD;2021;FY;2021-12-31;2022-02-28;2024-02-28;14982405;15080029;130710000;4234000;-26763000;141394000;;-29558000;-65989000;-54008000;;-11563000;-65571000;;9834000
SAFT;250043;USD;2022;FY;2022-12-31;2023-02-28;2025-02-27;14607483;14710611;46561000;1693000;31013000;44326000;;16961000;-19988000;-53038000;5000000;-14603000;-62641000;;-38303000
SAFT;250043;USD;2023;FY;2023-12-31;2024-02-28;2026-02-27;14663730;14710131;18875000;-310000;2000;52114000;;43853000;24269000;-53291000;-5000000;-5240000;-63531000;;12852000
SAFT;250043;USD;2024;FY;2024-12-31;2025-02-27;2026-02-27;14692089;14717118;70734000;719000;-4939000;128688000;;-28476000;-54541000;-53325000;0;;-53325000;;20822000
SIGI;627778;USD;2020;FY;2020-12-31;2021-02-12;2023-02-10;59862000;60293000;246355000;59350000;292355000;554045000;;-437829000;-688174000;-54486000;-550000;196421000;141385000;;7256000
SIGI;627778;USD;2021;FY;2021-12-31;2022-02-11;2024-02-09;60200000;60800000;403837000;55109000;411271000;771422000;;-441124000;-618780000;-69489000;-51768000;-1553000;-122810000;;29832000
STFC;9076341;USD;2020;FY;2020-12-31;2021-03-10;2021-03-10;43700000;44300000;13100000;10600000;-52400000;49000000;;-15700000;-21800000;;0;3000000;-14500000;;12700000
THG;1234794;USD;2020;FY;2020-12-31;2021-02-24;2023-02-23;37700000;38100000;358700000;18200000;407200000;707600000;-14900000;-338800000;-608800000;-99500000;120600000;-206500000;-193900000;;-95100000
THG;1234794;USD;2021;FY;2021-12-31;2022-02-25;2024-02-22;35500000;36400000;422800000;16900000;525100000;987500000;;-452200000;-624000000;-102200000;;-142100000;-253200000;;110300000
TIG;11818419;USD;2020;FY;2020-12-31;2021-03-26;2023-03-16;43744003;43744744;88549000;3485000;-70164000;50012000;-807000;-23911000;-20246000;-128000;-17275000;99643000;51400000;;81166000
TIG;11818419;USD;2021;FY;2021-12-31;2022-03-16;2023-03-16;51162293;51173450;19330000;6833000;-3019000;94359000;-346000;-116247000;-120156000;;-1444000;;-1453000;;-27250000
TIG;11818419;USD;2022;FY;2022-12-31;2023-03-16;2023-03-16;51203370;51203370;-65955000;6818000;64036000;108947000;-339000;-175101000;-176190000;;46805000;;46333000;;-20910000
TIPT;7962786;USD;2020;FY;2020-12-31;2021-03-11;2023-03-08;33859775;33859775;-25225000;17578000;3123257000;140169000;-6694000;-94459000;-123491000;-5566000;57909000;-13889000;31749000;;48427000
TIPT;7962786;USD;2021;FY;2021-12-31;2022-03-14;2024-02-29;33223792;33688256;44051000;24437000;-65342000;204316000;-2764000;-258835000;-273759000;-5409000;90935000;-8145000;73735000;;4292000
TIPT;7962786;USD;2022;FY;2022-12-31;2023-03-08;2025-03-03;35531149;35531149;3561000;22973000;262479000;463073000;-10727000;63211000;9514000;-7775000;-300778000;180192000;-115186000;-1828000;355573000
TIPT;7962786;USD;2023;FY;2023-12-31;2024-02-29;2026-03-09;36693204;37619095;13960000;1425000;-47021000;71452000;-4096000;-58498000;-244669000;-7401000;;;113406000;1525000;-58286000
TIPT;7962786;USD;2024;FY;2024-12-31;2025-03-03;2026-03-09;36872706;37926792;53367000;1451000;-80340000;240756000;-33000;58164000;-322985000;-18312000;;;6287000;-355000;-76297000
TRV;262327;USD;2020;FY;2020-12-31;2021-02-11;2023-02-16;253500000;254600000;2697000000;789000000;2972000000;6519000000;;-3640000000;-4892000000;-861000000;-10000000;-498000000;-1416000000;16000000;227000000
TRV;262327;USD;2021;FY;2021-12-31;2022-02-17;2024-02-15;243800000;246400000;3662000000;870000000;3101000000;7274000000;;-6014000000;-5196000000;-869000000;739000000;-1863000000;-2037000000;-1000000;40000000
TRV;262327;USD;2022;FY;2022-12-31;2023-02-16;2025-02-13;237000000;239700000;2842000000;826000000;3330000000;6465000000;;-3110000000;-3728000000;-875000000;;-1733000000;-2669000000;-30000000;38000000
TRV;262327;USD;2023;FY;2023-12-31;2024-02-15;2026-02-12;229700000;232200000;2991000000;722000000;4755000000;7711000000;;-4305000000;-6821000000;-908000000;738000000;-817000000;-1051000000;12000000;-149000000
TRV;262327;USD;2024;FY;2024-12-31;2025-02-13;2026-02-12;228000000;231100000;4999000000;715000000;3552000000;9074000000;;-6942000000;-7264000000;-951000000;;-682000000;-1747000000;-14000000;49000000
UFCS;7962682;USD;2023;FY;2023-12-31;2024-02-29;2026-02-26;25249269;25249269;-29700000;10508000;92802000;171736000;;157469000;-149886000;-16164000;;-290000;-16454000;;5396000
UFCS;7962682;USD;2024;FY;2024-12-31;2025-02-26;2026-02-26;25319973;25917760;61957000;10904000;43385000;340304000;;670576000;-292487000;-16212000;70000000;348000;51086000;;98903000
UNAM;251597;USD;2020;FY;2020-12-31;2021-03-31;2022-07-12;5305829;5305829;-21491113;673895;23225659;-2436399;;1995830;623473;;;-10733;-10733;;-1823659
UNAM;251597;USD;2021;FY;2021-12-31;2022-07-11;2022-07-12;5305829;5305829;-5673251;569801;5891652;-7510147;;9497325;19178919;;;-101;-101;;11668671
UNM;378233;USD;2020;FY;2020-12-31;2021-02-17;2023-02-23;203642000;203755300;793000000;113600000;-840300000;469300000;-119100000;110600000;-267700000;-231900000;14100000;4400000;-88700000;;112900000
UNM;378233;USD;2021;FY;2021-12-31;2022-02-25;2024-02-20;203653100;204243200;981000000;119800000;-400700000;1387500000;-110300000;-649300000;-1403400000;-239400000;88100000;-46600000;-106100000;;-122000000
UNM;378233;USD;2022;FY;2022-12-31;2023-02-23;2025-02-27;204232900;204847900;1407200000;110500000;-575700000;1418700000;-102200000;-297400000;-959500000;-254200000;-14800000;-196100000;-415000000;;44200000
UNM;378233;USD;2023;FY;2023-12-31;2024-02-20;2026-02-17;196659700;197602000;1283800000;108800000;-792500000;1202800000;-134800000;9400000;-725900000;-277100000;-2000000;-244900000;-450100000;;26800000
UNM;378233;USD;2024;FY;2024-12-31;2025-02-27;2026-02-17;187497700;188069200;1779100000;116100000;-1005900000;1513200000;-125700000;690700000;-344400000;-296500000;41600000;-966900000;-1152000000;;16800000
UVE;529179;USD;2020;FY;2020-12-31;2021-02-26;2023-02-28;31884000;31972000;19105000;5107000;-77916000;29348000;-17216000;39083000;22042000;-24557000;-1470000;-28921000;-56263000;;-4873000
UVE;529179;USD;2021;FY;2021-12-31;2022-02-28;2024-02-28;31247000;31337000;20407000;6913000;-45069000;234378000;-7226000;-234220000;-229404000;-24201000;98529000;-1609000;68298000;;73272000
UVE;529179;USD;2022;FY;2022-12-31;2023-02-28;2025-02-28;30751000;30751000;-22257000;7296000;-47459000;324515000;-4899000;-144053000;-148861000;-23784000;-1471000;-11643000;-37456000;;138198000
UVE;529179;USD;2023;FY;2023-12-31;2024-02-28;2026-02-27;29829000;30147000;66823000;7313000;71207000;70971000;-4019000;-6480000;-15251000;-23289000;-1471000;-22021000;-47120000;;8600000
UVE;529179;USD;2024;FY;2024-12-31;2025-02-28;2026-02-27;28498000;29274000;58928000;6117000;-37893000;137358000;-7368000;-218068000;-228092000;-22326000;-1471000;-21914000;-47131000;;-137865000
VOYA;354109;USD;2021;FY;2021-12-31;2022-02-22;2024-02-23;127400000;127400000;;;;;;;;-116000000;-226000000;-1109000000;-265000000;;-265000000
WRB;1161717;USD;2020;FY;2020-12-31;2021-02-18;2023-02-24;420579000;424716750;532985000;135065000;-141652000;1616686000;-38171000;7023000;119696000;-84147000;88886000;-346357000;-397843000;10117000;1348656000
WRB;1161717;USD;2021;FY;2021-12-31;2022-02-24;2024-02-23;414981000;417802500;1031015000;129682000;-256337000;2183987000;-66634000;-3145044000;-2989146000;-355736000;529155000;-122426000;5831000;-4195000;-803523000
WRB;1161717;USD;2022;FY;2022-12-31;2023-02-24;2025-02-24;416144250;419622750;1384954000;55872000;-362797000;2568604000;-98604000;-2605716000;-1891355000;-235192000;-429812000;-94140000;-771992000;-24754000;-119497000
WRB;1161717;USD;2023;FY;2023-12-31;2024-02-23;2026-02-27;406500000;409947000;1383846000;-20861000;-39476000;2929238000;-55154000;-1908267000;-1961964000;-501456000;-974000;-537163000;-1062495000;9070000;-86151000
WRB;1161717;USD;2024;FY;2024-12-31;2025-02-24;2026-02-27;399734;403224;1754577000;-170638000;43475000;3678368000;-172255000;-2043551000;-2184489000;-531953000;3105000;-303655000;-852487000;-29840000;611552000
