cik,ticker_symbols,company,sector,industry,latest_fiscal_year,revenue,net_income,operating_cash_flow,total_assets,source,source_accession_number,source_filed_date,status
0000001800,ABT,Abbott Laboratories,Health Care,Health Care Equipment,2024,41950000000.0,13402000000.0,8558000000.0,,SimFin annual CSV,,2025-02-21,ok
0000002488,AMD,Advanced Micro Devices,Information Technology,Semiconductors,2024,25785000000.0,1641000000.0,3041000000.0,,SimFin annual CSV,,2025-02-05,ok
0000002969,APD,Air Products,Materials,Industrial Gases,2024,12100600000.0,3828200000.0,3646700000.0,,SimFin annual CSV,,2024-11-21,ok
0000004127,SWKS,Skyworks Solutions,Information Technology,Semiconductors,2024,4178000000.0,596000000.0,1824700000.0,,SimFin annual CSV,,2024-11-15,ok
0000004281,HWM,Howmet Aerospace,Industrials,Aerospace & Defense,2024,7430000000.0,1155000000.0,1298000000.0,,SimFin annual CSV,,2025-02-14,ok
0000004904,AEP,American Electric Power,Utilities,Electric Utilities,2023,18982300000.0,2208100000.0,5012200000.0,,SimFin annual CSV,,2024-02-26,ok
0000004962,AXP,American Express,Financials,Consumer Finance,2024,65647000000.0,10129000000.0,14050000000.0,,SimFin annual CSV,,2025-02-07,ok
0000004977,AFL,Aflac,Financials,Life & Health Insurance,2024,18927000000.0,5443000000.0,2707000000.0,,SimFin annual CSV,,2025-02-26,ok
0000005272,AIG,American International Group,Financials,Multi-line Insurance,2024,27326000000.0,-1404000000.0,3273000000.0,,SimFin annual CSV,,2025-02-13,ok
0000006281,ADI,Analog Devices,Information Technology,Semiconductors,2024,9427157000.0,1635273000.0,3852529000.0,,SimFin annual CSV,,2024-11-26,ok
0000006951,AMAT,Applied Materials,Information Technology,Semiconductor Materials & Equipment,2024,27176000000.0,7177000000.0,8677000000.0,,SimFin annual CSV,,2024-12-13,ok
0000007084,ADM,Archer Daniels Midland,Consumer Staples,Agricultural Products & Services,2024,85530000000.0,1800000000.0,2790000000.0,,SimFin annual CSV,,2025-02-20,ok
0000008670,ADP,Automatic Data Processing,Industrials,Human Resource & Employment Services,2025,20560900000.0,4079700000.0,4939700000.0,,SimFin annual CSV,,2025-08-06,ok
0000008818,AVY,Avery Dennison,Materials,Paper & Plastic Packaging Products & Materials,2024,8755700000.0,704900000.0,938800000.0,,SimFin annual CSV,,2025-02-26,ok
0000009389,BALL,Ball Corporation,Materials,"Metal, Glass & Plastic Containers",2024,11795000000.0,4008000000.0,115000000.0,,SimFin annual CSV,,2025-02-20,ok
0000010456,BAX,Baxter International,Health Care,Health Care Equipment,2024,10636000000.0,-649000000.0,1033000000.0,,SimFin annual CSV,,2025-02-21,ok
0000010795,BDX,Becton Dickinson,Health Care,Health Care Equipment,2024,20178000000.0,1705000000.0,3843000000.0,,SimFin annual CSV,,2024-11-27,ok
0000011544,WRB,W. R. Berkley Corporation,Financials,Property & Casualty Insurance,2024,13638752000.0,1756115000.0,3678368000.0,,SimFin annual CSV,,2025-02-24,ok
0000012927,BA,Boeing,Industrials,Aerospace & Defense,2022,66608000000.0,-4935000000.0,3512000000.0,,SimFin annual CSV,,2023-01-27,ok
0000014272,BMY,Bristol Myers Squibb,Health Care,Pharmaceuticals,2024,48300000000.0,-8948000000.0,14566000000.0,,SimFin annual CSV,,2025-02-12,ok
0000014693,BF.B,Brown–Forman,Consumer Staples,Distillers & Vintners,2026,3928000000,715000000,1000000000,7894000000,SEC Company Facts,0000014693-26-000024,2026-06-12,ok
0000016918,STZ,Constellation Brands,Consumer Staples,Distillers & Vintners,2024,10208700000.0,-81400000.0,3152200000.0,,SimFin annual CSV,,2025-04-23,ok
0000018230,CAT,Caterpillar Inc.,Industrials,Construction Machinery & Heavy Transportation Equipment,2024,64809000000.0,10792000000.0,12035000000.0,,SimFin annual CSV,,2025-02-14,ok
0000019617,JPM,JPMorgan Chase,Financials,Diversified Banks,2024,177556000000.0,58471000000.0,-42012000000.0,,SimFin annual CSV,,2025-02-14,ok
0000020286,CINF,Cincinnati Financial,Financials,Property & Casualty Insurance,2024,11337000000.0,2292000000.0,2649000000.0,,SimFin annual CSV,,2025-02-24,ok
0000021076,CLX,Clorox,Consumer Staples,Household Products,2024,7093000000.0,280000000.0,695000000.0,,SimFin annual CSV,,2024-08-08,ok
0000021344,KO,Coca-Cola Company (The),Consumer Staples,Soft Drinks & Non-alcoholic Beverages,2024,47061000000.0,10631000000.0,6805000000.0,,SimFin annual CSV,,2025-02-20,ok
0000021665,CL,Colgate-Palmolive,Consumer Staples,Household Products,2024,20101000000.0,2889000000.0,4107000000.0,,SimFin annual CSV,,2025-02-13,ok
0000024545,TAP,Molson Coors Beverage Company,Consumer Staples,Brewers,2024,11627000000.0,1122400000.0,1910300000.0,,SimFin annual CSV,,2025-02-18,ok
0000024741,GLW,Corning Inc.,Information Technology,Electronic Components,2024,13118000000.0,506000000.0,1618000000.0,,SimFin annual CSV,,2025-02-13,ok
0000026172,CMI,Cummins,Industrials,Construction Machinery & Heavy Transportation Equipment,2024,34102000000.0,3946000000.0,1387000000.0,,SimFin annual CSV,,2025-02-11,ok
0000027419,TGT,Target Corporation,Consumer Staples,Consumer Staples Merchandise Retail,2024,106566000000.0,4091000000.0,7367000000.0,,SimFin annual CSV,,2025-03-12,ok
0000027904,DAL,Delta Air Lines,Industrials,Passenger Airlines,2024,61643000000.0,3457000000.0,8025000000.0,,SimFin annual CSV,,2025-02-11,ok
0000029534,DG,Dollar General,Consumer Staples,Consumer Staples Merchandise Retail,2024,40612308000.0,1125253000.0,2996064000.0,,SimFin annual CSV,,2025-03-21,ok
0000029905,DOV,Dover Corporation,Industrials,Industrial Machinery & Supplies & Components,2024,7745909000.0,2697126000.0,1087833000.0,,SimFin annual CSV,,2025-02-14,ok
0000029989,OMC,Omnicom Group,Communication Services,Advertising,2024,15689100000.0,1480600000.0,1733500000.0,,SimFin annual CSV,,2025-02-05,ok
0000031462,ECL,Ecolab,Materials,Specialty Chemicals,2024,15741400000.0,2112400000.0,3195600000.0,,SimFin annual CSV,,2025-02-21,ok
0000031791,RVTY,Revvity,Health Care,Health Care Equipment,2025,2856051000,241201000,582933000,12168411000,SEC Company Facts,0000031791-26-000012,2026-02-24,ok
0000032604,EMR,Emerson Electric,Industrials,Electrical Components & Equipment,2024,17492000000.0,1968000000.0,6768000000.0,,SimFin annual CSV,,2024-11-12,ok
0000033185,EFX,Equifax,Industrials,Research & Consulting Services,2024,5681100000.0,604100000.0,1324500000.0,,SimFin annual CSV,,2025-02-20,ok
0000033213,EQT,EQT Corporation,Energy,Oil & Gas Exploration & Production,2024,5273309000.0,230577000.0,1644087000.0,,SimFin annual CSV,,2025-02-19,ok
0000034903,FRT,Federal Realty Investment Trust,Real Estate,Retail REITs,2024,1202452000.0,295208000.0,574563000.0,,SimFin annual CSV,,2025-02-13,ok
0000035527,FITB,Fifth Third Bancorp,Financials,Regional Banks,2024,8479000000.0,2314000000.0,2829000000.0,,SimFin annual CSV,,2025-02-24,ok
0000036104,USB,U.S. Bancorp,Financials,Diversified Banks,2023,28013000000.0,5429000000.0,8447000000.0,,SimFin annual CSV,,2024-02-20,ok
0000036270,MTB,M&T Bank,Financials,Regional Banks,2024,9279000000.0,2588000000.0,3610000000.0,,SimFin annual CSV,,2025-02-19,ok
0000037996,F,Ford Motor Company,Consumer Discretionary,Automobile Manufacturers,2024,184992000000.0,5879000000.0,15423000000.0,,SimFin annual CSV,,2025-02-06,ok
0000038777,BEN,Franklin Resources,Financials,Asset Management & Custody Banks,2024,8478000000.0,464800000.0,971300000.0,,SimFin annual CSV,,2024-11-12,ok
0000040533,GD,General Dynamics,Industrials,Aerospace & Defense,2024,47716000000.0,3782000000.0,4112000000.0,,SimFin annual CSV,,2025-02-07,ok
0000040545,GE,GE Aerospace,Industrials,Aerospace & Defense,2024,38702000000.0,6555000000.0,4709000000.0,,SimFin annual CSV,,2025-02-03,ok
0000040704,GIS,General Mills,Consumer Staples,Packaged Foods & Meats,2025,19486600000.0,2295200000.0,2918200000.0,,SimFin annual CSV,,2025-07-01,ok
0000040987,GPC,Genuine Parts Company,Consumer Discretionary,Distributors,2024,23486569000.0,904076000.0,1251251000.0,,SimFin annual CSV,,2025-02-21,ok
0000045012,HAL,Halliburton,Energy,Oil & Gas Equipment & Services,2024,22944000000.0,2501000000.0,3865000000.0,,SimFin annual CSV,,2025-02-12,ok
0000046080,HAS,Hasbro,Consumer Discretionary,Leisure Products,2024,4135500000.0,385600000.0,796200000.0,,SimFin annual CSV,,2025-02-27,ok
0000047111,HSY,Hershey Company (The),Consumer Staples,Packaged Foods & Meats,2024,11202263000.0,2221239000.0,2531596000.0,,SimFin annual CSV,,2025-02-18,ok
0000047217,HPQ,HP Inc.,Information Technology,"Technology Hardware, Storage & Peripherals",2024,53559000000.0,2775000000.0,3749000000.0,,SimFin annual CSV,,2024-12-13,ok
0000048465,HRL,Hormel Foods,Consumer Staples,Packaged Foods & Meats,2024,11920797000.0,805038000.0,1266740000.0,,SimFin annual CSV,,2024-12-05,ok
0000048898,HUBB,Hubbell Incorporated,Industrials,Industrial Machinery & Supplies & Components,2024,5628500000.0,777600000.0,1009400000.0,,SimFin annual CSV,,2025-02-13,ok
0000049071,HUM,Humana,Health Care,Managed Health Care,2024,117667000000.0,1207000000.0,2966000000.0,,SimFin annual CSV,,2025-02-20,ok
0000049196,HBAN,Huntington Bancshares,Financials,Regional Banks,2024,7385000000.0,1940000000.0,1815000000.0,,SimFin annual CSV,,2025-02-14,ok
0000049826,ITW,Illinois Tool Works,Industrials,Industrial Machinery & Supplies & Components,2024,15898000000.0,3488000000.0,3282000000.0,,SimFin annual CSV,,2025-02-14,ok
0000050863,INTC,Intel,Information Technology,Semiconductors,2024,53101000000.0,-18756000000.0,8288000000.0,,SimFin annual CSV,,2025-01-31,ok
0000051143,IBM,IBM,Information Technology,IT Consulting & Other Services,2024,62753000000.0,6024000000.0,13445000000.0,,SimFin annual CSV,,2025-02-25,ok
0000051253,IFF,International Flavors & Fragrances,Materials,Specialty Chemicals,2024,11484000000.0,263000000.0,1070000000.0,,SimFin annual CSV,,2025-02-28,ok
0000051434,IP,International Paper,Materials,Paper & Plastic Packaging Products & Materials,2024,15835000000.0,557000000.0,1678000000.0,,SimFin annual CSV,,2025-02-21,ok
0000052988,J,Jacobs Solutions,Industrials,Construction & Engineering,2024,11500941000.0,806093000.0,1054673000.0,,SimFin annual CSV,,2024-11-25,ok
0000055785,KMB,Kimberly-Clark,Consumer Staples,Household Products,2024,20058000000.0,2545000000.0,3234000000.0,,SimFin annual CSV,,2025-02-13,ok
0000056873,KR,Kroger,Consumer Staples,Food Retail,2024,147123000000.0,2665000000.0,5794000000.0,,SimFin annual CSV,,2025-04-01,ok
0000059478,LLY,Lilly (Eli),Health Care,Pharmaceuticals,2024,45043000000.0,10590000000.0,8818000000.0,,SimFin annual CSV,,2025-02-19,ok
0000060086,L,Loews Corporation,Financials,Multi-line Insurance,2024,17568000000.0,1414000000.0,3025000000.0,,SimFin annual CSV,,2025-02-11,ok
0000060667,LOW,Lowe's,Consumer Discretionary,Home Improvement Retail,2024,83674000000.0,6957000000.0,9625000000.0,,SimFin annual CSV,,2025-03-24,ok
0000062709,MRSH,Marsh McLennan,Financials,Insurance Brokers,2025,26981000000,4160000000,5292000000,58710000000,SEC Company Facts,0000062709-26-000022,2026-02-09,ok
0000062996,MAS,Masco,Industrials,Building Products,2024,7828000000.0,822000000.0,1075000000.0,,SimFin annual CSV,,2025-02-11,ok
0000063754,MKC,McCormick & Company,Consumer Staples,Packaged Foods & Meats,2024,6723700000.0,781000000.0,921900000.0,,SimFin annual CSV,,2025-01-23,ok
0000063908,MCD,McDonald's,Consumer Discretionary,Restaurants,2024,25920000000.0,8224000000.0,9446000000.0,,SimFin annual CSV,,2025-02-25,ok
0000064040,SPGI,S&P Global,Financials,Financial Exchanges & Data,2024,14208000000.0,3852000000.0,5689000000.0,,SimFin annual CSV,,2025-02-11,ok
0000064803,CVS,CVS Health,Health Care,Health Care Services,2024,372809000000.0,4614000000.0,9107000000.0,,SimFin annual CSV,,2025-02-12,ok
0000065984,ETR,Entergy,Utilities,Electric Utilities,2024,11879653000.0,1061184000.0,4488510000.0,,SimFin annual CSV,,2025-02-18,ok
0000066740,MMM,3M,Industrials,Industrial Conglomerates,2024,24575000000.0,4173000000.0,1819000000.0,,SimFin annual CSV,,2025-02-05,ok
0000068505,MSI,Motorola Solutions,Information Technology,Communications Equipment,2024,10817000000.0,1577000000.0,2391000000.0,,SimFin annual CSV,,2025-02-14,ok
0000070858,BAC,Bank of America,Financials,Diversified Banks,2024,105856000000.0,26973000000.0,-8805000000.0,,SimFin annual CSV,,2025-02-25,ok
0000072331,NDSN,Nordson Corporation,Industrials,Industrial Machinery & Supplies & Components,2024,2689921000.0,467284000.0,556193000.0,,SimFin annual CSV,,2024-12-18,ok
0000072741,ES,Eversource Energy,Utilities,Electric Utilities,2024,11900809000.0,811653000.0,2159737000.0,,SimFin annual CSV,,2025-02-14,ok
0000072903,XEL,Xcel Energy,Utilities,Multi-Utilities,2024,13441000000.0,1936000000.0,4641000000.0,,SimFin annual CSV,,2025-02-27,ok
0000072971,WFC,Wells Fargo,Financials,Diversified Banks,2023,82296000000.0,19722000000.0,3035000000.0,,SimFin annual CSV,,2024-02-20,ok
0000073124,NTRS,Northern Trust,Financials,Asset Management & Custody Banks,2024,8290400000.0,2031100000.0,-486000000.0,,SimFin annual CSV,,2025-02-24,ok
0000073309,NUE,Nucor,Materials,Steel,2024,30734000000.0,2027000000.0,3979000000.0,,SimFin annual CSV,,2025-02-27,ok
0000074208,UDR,"UDR, Inc.",Real Estate,Multi-Family Residential REITs,2024,1671842000.0,89585000.0,876848000.0,,SimFin annual CSV,,2025-02-18,ok
0000075362,PCAR,Paccar,Industrials,Construction Machinery & Heavy Transportation Equipment,2024,31564300000.0,4162000000.0,4640900000.0,,SimFin annual CSV,,2025-02-19,ok
0000075677,PKG,Packaging Corporation of America,Materials,Paper & Plastic Packaging Products & Materials,2024,8383300000.0,805100000.0,1191200000.0,,SimFin annual CSV,,2025-02-27,ok
0000076334,PH,Parker Hannifin,Industrials,Industrial Machinery & Supplies & Components,2025,19850000000.0,3531000000.0,3776000000.0,,SimFin annual CSV,,2025-08-22,ok
0000077360,PNR,Pentair,Industrials,Industrial Machinery & Supplies & Components,2024,4082800000.0,625400000.0,766700000.0,,SimFin annual CSV,,2025-02-25,ok
0000077476,PEP,PepsiCo,Consumer Staples,Soft Drinks & Non-alcoholic Beverages,2024,91854000000.0,9578000000.0,12507000000.0,,SimFin annual CSV,,2025-02-04,ok
0000078003,PFE,Pfizer,Health Care,Pharmaceuticals,2024,63627000000.0,8031000000.0,4703000000.0,,SimFin annual CSV,,2025-02-27,ok
0000079282,BRO,Brown & Brown,Financials,Insurance Brokers,2024,4805000000.0,993000000.0,1365000000.0,,SimFin annual CSV,,2025-02-13,ok
0000079879,PPG,PPG Industries,Materials,Specialty Chemicals,2021,16802000000.0,1439000000.0,1562000000.0,,SimFin annual CSV,,2022-02-17,ok
0000080424,PG,Procter & Gamble,Consumer Staples,Personal Care Products,2025,84284000000.0,15974000000.0,17818000000.0,,SimFin annual CSV,,2025-08-04,ok
0000080661,PGR,Progressive Corporation,Financials,Property & Casualty Insurance,2023,62108500000.0,3902400000.0,10643300000.0,,SimFin annual CSV,,2024-02-26,ok
0000084839,ROL,"Rollins, Inc.",Industrials,Environmental & Facilities Services,2024,3388708000.0,466379000.0,624952000.0,,SimFin annual CSV,,2025-02-13,ok
0000086312,TRV,Travelers Companies (The),Financials,Property & Casualty Insurance,2024,46423000000.0,4999000000.0,9074000000.0,,SimFin annual CSV,,2025-02-13,ok
0000087347,SLB,Schlumberger,Energy,Oil & Gas Equipment & Services,2024,36289000000.0,4461000000.0,6602000000.0,,SimFin annual CSV,,2025-01-22,ok
0000089800,SHW,Sherwin-Williams,Materials,Specialty Chemicals,2024,23098500000.0,2681400000.0,3153200000.0,,SimFin annual CSV,,2025-02-20,ok
0000091142,AOS,A. O. Smith,Industrials,Building Products,2024,3818100000.0,533600000.0,581800000.0,,SimFin annual CSV,,2025-02-11,ok
0000091419,SJM,J.M. Smucker Company (The),Consumer Staples,Packaged Foods & Meats,2023,8529200000.0,-91300000.0,1194200000.0,,SimFin annual CSV,,2023-06-20,ok
0000091440,SNA,Snap-on,Industrials,Industrial Machinery & Supplies & Components,2024,4707400000.0,1043900000.0,1217500000.0,,SimFin annual CSV,,2025-02-13,ok
0000091576,KEY,KeyCorp,Financials,Regional Banks,2024,4574000000.0,-161000000.0,664000000.0,,SimFin annual CSV,,2025-02-21,ok
0000092122,SO,Southern Company,Utilities,Electric Utilities,2025,29553000000,4341000000,9802000000,155720000000,SEC Company Facts,0000092122-26-000006,2026-02-19,ok
0000092230,TFC,Truist Financial,Financials,Diversified Banks,2024,13278000000.0,4818000000.0,2164000000.0,,SimFin annual CSV,,2025-02-25,ok
0000092380,LUV,Southwest Airlines,Industrials,Passenger Airlines,2024,27483000000.0,465000000.0,462000000.0,,SimFin annual CSV,,2025-02-07,ok
0000093410,CVX,Chevron Corporation,Energy,Integrated Oil & Gas,2024,193414000000.0,17661000000.0,31492000000.0,,SimFin annual CSV,,2025-02-21,ok
0000093556,SWK,Stanley Black & Decker,Industrials,Industrial Machinery & Supplies & Components,2024,15365700000.0,267900000.0,1106900000.0,,SimFin annual CSV,,2025-02-18,ok
0000093751,STT,State Street Corporation,Financials,Asset Management & Custody Banks,2022,12148000000.0,2774000000.0,11954000000.0,,SimFin annual CSV,,2023-02-16,ok
0000096021,SYY,Sysco,Consumer Staples,Food Distributors,2025,81370000000.0,1828000000.0,2510000000.0,,SimFin annual CSV,,2025-08-22,ok
0000097210,TER,Teradyne,Information Technology,Semiconductor Materials & Equipment,2024,2819880000.0,542372000.0,677990000.0,,SimFin annual CSV,,2025-02-20,ok
0000097476,TXN,Texas Instruments,Information Technology,Semiconductors,2024,15641000000.0,4799000000.0,6318000000.0,,SimFin annual CSV,,2025-02-14,ok
0000097745,TMO,Thermo Fisher Scientific,Health Care,Life Sciences Tools & Services,2024,42879000000.0,6336000000.0,8667000000.0,,SimFin annual CSV,,2025-02-20,ok
0000100493,TSN,Tyson Foods,Consumer Staples,Packaged Foods & Meats,2024,53309000000.0,800000000.0,2590000000.0,,SimFin annual CSV,,2024-11-12,ok
0000100517,UAL,United Airlines Holdings,Industrials,Passenger Airlines,2024,57063000000.0,3149000000.0,9445000000.0,,SimFin annual CSV,,2025-02-27,ok
0000100885,UNP,Union Pacific Corporation,Industrials,Rail Transportation,2024,24250000000.0,6747000000.0,9346000000.0,,SimFin annual CSV,,2025-02-07,ok
0000101829,RTX,RTX Corporation,Industrials,Aerospace & Defense,2024,80738000000.0,4774000000.0,7159000000.0,,SimFin annual CSV,,2025-02-03,ok
0000104169,WMT,Walmart,Consumer Staples,Consumer Staples Merchandise Retail,2024,680985000000.0,19436000000.0,36443000000.0,,SimFin annual CSV,,2025-03-14,ok
0000105634,EME,Emcor,Industrials,Construction & Engineering,2024,14566116000.0,1007145000.0,1406340000.0,,SimFin annual CSV,,2025-02-26,ok
0000105770,WST,West Pharmaceutical Services,Health Care,Health Care Supplies,2024,2893200000.0,492700000.0,653400000.0,,SimFin annual CSV,,2025-02-18,ok
0000106040,WDC,Western Digital,Information Technology,"Technology Hardware, Storage & Peripherals",2025,9520000000.0,1889000000.0,1691000000.0,,SimFin annual CSV,,2025-08-14,ok
0000106535,WY,Weyerhaeuser,Real Estate,Timber REITs,2024,7124000000.0,396000000.0,1053000000.0,,SimFin annual CSV,,2025-02-14,ok
0000107263,WMB,Williams Companies,Energy,Oil & Gas Storage & Transportation,2024,10503000000.0,2225000000.0,4974000000.0,,SimFin annual CSV,,2025-02-25,ok
0000109198,TJX,TJX Companies,Consumer Discretionary,Apparel Retail,2024,56360000000.0,4864000000.0,6116000000.0,,SimFin annual CSV,,2025-04-02,ok
0000200406,JNJ,Johnson & Johnson,Health Care,Pharmaceuticals,2024,88821000000.0,14066000000.0,24266000000.0,,SimFin annual CSV,,2025-02-13,ok
0000202058,LHX,L3Harris,Industrials,Aerospace & Defense,2024,21325000000.0,1502000000.0,2559000000.0,,SimFin annual CSV,,2025-02-14,ok
0000217346,TXT,Textron,Industrials,Aerospace & Defense,2022,12869000000.0,863000000.0,1488000000.0,,SimFin annual CSV,,2023-02-16,ok
0000277135,GWW,W. W. Grainger,Industrials,Industrial Machinery & Supplies & Components,2024,17168000000.0,1909000000.0,2111000000.0,,SimFin annual CSV,,2025-02-20,ok
0000277948,CSX,CSX Corporation,Industrials,Rail Transportation,2024,14540000000.0,3470000000.0,5247000000.0,,SimFin annual CSV,,2025-02-27,ok
0000310158,MRK,Merck & Co.,Health Care,Pharmaceuticals,2024,64168000000.0,17117000000.0,22884000000.0,,SimFin annual CSV,,2025-02-25,ok
0000310764,SYK,Stryker Corporation,Health Care,Health Care Equipment,2024,22595000000.0,2993000000.0,4242000000.0,,SimFin annual CSV,,2025-02-12,ok
0000313616,DHR,Danaher Corporation,Health Care,Life Sciences Tools & Services,2024,23875000000.0,3899000000.0,6688000000.0,,SimFin annual CSV,,2025-02-20,ok
0000313927,CHD,Church & Dwight,Consumer Staples,Household Products,2024,6107100000.0,585300000.0,1148000000.0,,SimFin annual CSV,,2025-02-13,ok
0000315189,DE,Deere & Company,Industrials,Agricultural & Farm Machinery,2024,51716000000.0,7100000000.0,9231000000.0,,SimFin annual CSV,,2024-12-12,ok
0000315293,AON,Aon plc,Financials,Insurance Brokers,2024,15698000000.0,2654000000.0,3035000000.0,,SimFin annual CSV,,2025-02-18,ok
0000316709,SCHW,Charles Schwab Corporation,Financials,Investment Banking & Brokerage,2024,19606000000.0,5942000000.0,2670000000.0,,SimFin annual CSV,,2025-02-26,ok
0000318154,AMGN,Amgen,Health Care,Biotechnology,2024,33424000000.0,4090000000.0,11490000000.0,,SimFin annual CSV,,2025-02-14,ok
0000319201,KLAC,KLA Corporation,Information Technology,Semiconductor Materials & Equipment,2025,12156162000.0,4061643000.0,4081903000.0,,SimFin annual CSV,,2025-08-08,ok
0000320187,NKE,"Nike, Inc.",Consumer Discretionary,"Apparel, Accessories & Luxury Goods",2025,46309000000.0,3219000000.0,3698000000.0,,SimFin annual CSV,,2025-07-17,ok
0000320193,AAPL,Apple Inc.,Information Technology,"Technology Hardware, Storage & Peripherals",2024,391035000000.0,93736000000.0,118254000000.0,,SimFin annual CSV,,2024-11-01,ok
0000320335,GL,Globe Life,Financials,Life & Health Insurance,2024,5778069000.0,1070762000.0,1402440000.0,,SimFin annual CSV,,2025-02-26,ok
0000352541,LNT,Alliant Energy,Utilities,Electric Utilities,2024,3981000000.0,690000000.0,-1096000000.0,,SimFin annual CSV,,2025-02-21,ok
0000352915,UHS,Universal Health Services,Health Care,Health Care Facilities,2025,17364829000,1488796000,1864397000,15527593000,SEC Company Facts,0001193125-26-071676,2026-02-25,ok
0000354190,AJG,Arthur J. Gallagher & Co.,Financials,Insurance Brokers,2024,11555000000.0,1463000000.0,2583000000.0,,SimFin annual CSV,,2025-02-18,ok
0000354950,HD,Home Depot (The),Consumer Discretionary,Home Improvement Retail,2024,159514000000.0,14806000000.0,19810000000.0,,SimFin annual CSV,,2025-03-21,ok
0000702165,NSC,Norfolk Southern,Industrials,Rail Transportation,2024,12123000000.0,2622000000.0,4052000000.0,,SimFin annual CSV,,2025-02-10,ok
0000707549,LRCX,Lam Research,Information Technology,Semiconductor Materials & Equipment,2025,18435591000.0,5358217000.0,6173264000.0,,SimFin annual CSV,,2025-08-11,ok
0000711404,COO,Cooper Companies (The),Health Care,Health Care Supplies,2024,3895400000.0,392300000.0,709300000.0,,SimFin annual CSV,,2024-12-06,ok
0000713676,PNC,PNC Financial Services,Financials,Diversified Banks,2021,19211000000.0,5674000000.0,7214000000.0,,SimFin annual CSV,,2022-02-25,ok
0000715957,D,Dominion Energy,Utilities,Multi-Utilities,2022,13938000000.0,1191000000.0,3700000000.0,,SimFin annual CSV,,2023-02-21,ok
0000719955,WSM,"Williams-Sonoma, Inc.",Consumer Discretionary,Homefurnishing Retail,2024,7711541000.0,1125251000.0,1360222000.0,,SimFin annual CSV,,2025-03-27,ok
0000720005,RJF,Raymond James Financial,Financials,Investment Banking & Brokerage,2024,12821000000.0,2068000000.0,2196000000.0,,SimFin annual CSV,,2024-11-26,ok
0000721371,CAH,Cardinal Health,Health Care,Health Care Distributors,2025,222578000000.0,1561000000.0,2397000000.0,,SimFin annual CSV,,2025-08-12,ok
0000723125,MU,Micron Technology,Information Technology,Semiconductors,2025,37378000000.0,8539000000.0,17525000000.0,,SimFin annual CSV,,2025-10-03,ok
0000723254,CTAS,Cintas,Industrials,Diversified Support Services,2025,10340181000.0,1812281000.0,2165905000.0,,SimFin annual CSV,,2025-07-28,ok
0000723531,PAYX,Paychex,Industrials,Human Resource & Employment Services,2023,5007100000.0,1557300000.0,1706200000.0,,SimFin annual CSV,,2023-07-14,ok
0000726728,O,Realty Income,Real Estate,Retail REITs,2021,2080463000.0,359456000.0,1321824000.0,,SimFin annual CSV,,2022-02-23,ok
0000726958,CASY,Casey's,Consumer Staples,Food Retail,2024,14862913000.0,501972000.0,892953000.0,,SimFin annual CSV,,2024-06-24,ok
0000728535,JBHT,J.B. Hunt,Industrials,Cargo Ground Transportation,2024,12087204000.0,570886000.0,1483156000.0,,SimFin annual CSV,,2025-02-21,ok
0000731766,UNH,UnitedHealth Group,Health Care,Managed Health Care,2024,400278000000.0,14405000000.0,24204000000.0,,SimFin annual CSV,,2025-02-27,ok
0000731802,ATO,Atmos Energy,Utilities,Gas Utilities,2024,4165187000.0,1042895000.0,1733746000.0,,SimFin annual CSV,,2024-11-18,ok
0000732712,VZ,Verizon,Communication Services,Integrated Telecommunication Services,2025,138191000000,17174000000,37137000000,404258000000,SEC Company Facts,0000732712-26-000007,2026-02-17,ok
0000732717,T,AT&T,Communication Services,Integrated Telecommunication Services,2024,122336000000.0,10948000000.0,38771000000.0,,SimFin annual CSV,,2025-02-12,ok
0000740260,VTR,Ventas,Real Estate,Health Care REITs,2022,4129193000.0,-47447000.0,1127447000.0,,SimFin annual CSV,,2023-02-10,ok
0000745732,ROST,Ross Stores,Consumer Discretionary,Apparel Retail,2024,21129219000.0,2090730000.0,2356988000.0,,SimFin annual CSV,,2025-04-01,ok
0000746515,EXPD,Expeditors International,Industrials,Air Freight & Logistics,2024,10600515000.0,810073000.0,723361000.0,,SimFin annual CSV,,2025-02-21,ok
0000749251,IT,Gartner,Information Technology,IT Consulting & Other Services,2024,6267411000.0,1253715000.0,1484922000.0,,SimFin annual CSV,,2025-02-13,ok
0000753308,NEE,NextEra Energy,Utilities,Multi-Utilities,2024,24753000000.0,6946000000.0,13260000000.0,,SimFin annual CSV,,2025-02-14,ok
0000759944,CFG,Citizens Financial Group,Financials,Regional Banks,2022,8021000000.0,2073000000.0,4119000000.0,,SimFin annual CSV,,2023-02-17,ok
0000764180,MO,Altria,Consumer Staples,Tobacco,2023,24483000000.0,8130000000.0,9000000000.0,,SimFin annual CSV,,2024-02-27,ok
0000764478,BBY,Best Buy,Consumer Discretionary,Computer & Electronics Retail,2024,41528000000.0,927000000.0,2098000000.0,,SimFin annual CSV,,2025-03-19,ok
0000764622,PNW,Pinnacle West Capital,Utilities,Multi-Utilities,2023,4695991000.0,501557000.0,1207697000.0,,SimFin annual CSV,,2024-02-27,ok
0000765880,DOC,Healthpeak Properties,Real Estate,Health Care REITs,2023,543463000.0,41876000.0,269298000.0,,SimFin annual CSV,,2024-02-22,ok
0000766704,WELL,Welltower,Real Estate,Health Care REITs,2024,7991118000.0,951680000.0,2296460000.0,,SimFin annual CSV,,2025-02-12,ok
0000769397,ADSK,Autodesk,Information Technology,Application Software,2024,6131000000.0,1112000000.0,1607000000.0,,SimFin annual CSV,,2025-03-06,ok
0000773840,HON,Honeywell Technologies,Industrials,Industrial Conglomerates,2024,34717000000.0,5705000000.0,1609000000.0,,SimFin annual CSV,,2025-02-17,ok
0000779152,JKHY,Jack Henry & Associates,Financials,Transaction & Payment Processing Services,2023,2077702000.0,366646000.0,381559000.0,,SimFin annual CSV,,2023-08-24,ok
0000783325,WEC,WEC Energy Group,Utilities,Electric Utilities,2024,8599900000.0,1528400000.0,3211800000.0,,SimFin annual CSV,,2025-02-21,ok
0000788784,PEG,Public Service Enterprise Group,Utilities,Electric Utilities,2024,10290000000.0,1772000000.0,2264000000.0,,SimFin annual CSV,,2025-02-25,ok
0000789019,MSFT,Microsoft,Information Technology,Systems Software,2025,281724000000.0,101832000000.0,136162000000.0,,SimFin annual CSV,,2025-07-30,ok
0000789570,MGM,MGM Resorts,Consumer Discretionary,Casinos & Gaming,2024,17240545000.0,746558000.0,2362495000.0,,SimFin annual CSV,,2025-02-18,ok
0000796343,ADBE,Adobe Inc.,Information Technology,Application Software,2024,21505000000.0,5560000000.0,8056000000.0,,SimFin annual CSV,,2025-01-13,ok
0000797468,OXY,Occidental Petroleum,Energy,Oil & Gas Exploration & Production,2023,28918000000.0,4696000000.0,12286000000.0,,SimFin annual CSV,,2024-02-14,ok
0000798354,FISV,Fiserv,Financials,Transaction & Payment Processing Services,2025,16226000000,3480000000,6062000000,80133000000,SEC Company Facts,0000798354-26-000009,2026-02-19,ok
0000804328,QCOM,Qualcomm,Information Technology,Semiconductors,2024,38962000000.0,10142000000.0,12202000000.0,,SimFin annual CSV,,2024-11-06,ok
0000811156,CMS,CMS Energy,Utilities,Multi-Utilities,2023,7462000000.0,873000000.0,2289000000.0,,SimFin annual CSV,,2024-02-08,ok
0000813672,CDNS,Cadence Design Systems,Information Technology,Application Software,2024,4641264000.0,1055484000.0,1260551000.0,,SimFin annual CSV,,2025-02-21,ok
0000814547,FICO,Fair Isaac,Information Technology,Application Software,2024,1717526000.0,512811000.0,632964000.0,,SimFin annual CSV,,2024-11-06,ok
0000815097,CCL,Carnival Corporation,Consumer Discretionary,"Hotels, Resorts & Cruise Lines",2024,25021000000.0,1914000000.0,5922000000.0,,SimFin annual CSV,,2025-01-27,ok
0000815556,FAST,Fastenal,Industrials,Trading Companies & Distributors,2024,7546000000.0,1150600000.0,1159400000.0,,SimFin annual CSV,,2025-02-06,ok
0000820027,AMP,Ameriprise Financial,Financials,Asset Management & Custody Banks,2024,17926000000.0,3401000000.0,6595000000.0,,SimFin annual CSV,,2025-02-20,ok
0000820313,APH,Amphenol,Information Technology,Electronic Components,2024,15222700000.0,2424000000.0,2814700000.0,,SimFin annual CSV,,2025-02-07,ok
0000820318,COHR,Coherent Corp.,Information Technology,Electronic Components,2021,1487468000.0,-106751000.0,72938000.0,,SimFin annual CSV,,2021-11-30,ok
0000821189,EOG,EOG Resources,Energy,Oil & Gas Exploration & Production,2022,25702000000.0,7759000000.0,11093000000.0,,SimFin annual CSV,,2023-02-23,ok
0000822416,PHM,PulteGroup,Consumer Discretionary,Homebuilding,2024,17946950000.0,3083262000.0,1680794000.0,,SimFin annual CSV,,2025-02-06,ok
0000823768,WM,Waste Management,Industrials,Environmental & Facilities Services,2024,22063000000.0,2746000000.0,5390000000.0,,SimFin annual CSV,,2025-02-19,ok
0000827052,EIX,Edison International,Utilities,Electric Utilities,2022,17220000000.0,824000000.0,3339000000.0,,SimFin annual CSV,,2023-02-23,ok
0000827054,MCHP,Microchip Technology,Information Technology,Semiconductors,2024,4401600000.0,-500000.0,898100000.0,,SimFin annual CSV,,2025-05-23,ok
0000829224,SBUX,Starbucks,Consumer Discretionary,Restaurants,2024,36176200000.0,3760900000.0,6095600000.0,,SimFin annual CSV,,2024-11-20,ok
0000831001,C,Citigroup,Financials,Diversified Banks,2024,81139000000.0,12682000000.0,-19671000000.0,,SimFin annual CSV,,2025-02-21,ok
0000831259,FCX,Freeport-McMoRan,Materials,Copper,2024,25455000000.0,1889000000.0,6785000000.0,,SimFin annual CSV,,2025-02-14,ok
0000832101,IEX,IDEX Corporation,Industrials,Industrial Machinery & Supplies & Components,2024,3268800000.0,505000000.0,668100000.0,,SimFin annual CSV,,2025-02-20,ok
0000833444,JCI,Johnson Controls,Industrials,Building Products,2024,22952000000.0,1705000000.0,1568000000.0,,SimFin annual CSV,,2024-11-19,ok
0000842023,TECH,Bio-Techne,Health Care,Life Sciences Tools & Services,2025,1219635000.0,73400000.0,287556000.0,,SimFin annual CSV,,2025-08-22,ok
0000849395,CRH,CRH plc,Materials,Construction Materials,2024,35572000000.0,3492000000.0,5033000000.0,,SimFin annual CSV,,2025-02-26,ok
0000849399,GEN,Gen Digital,Information Technology,Systems Software,2024,3935000000.0,643000000.0,1221000000.0,,SimFin annual CSV,,2025-05-15,ok
0000857005,PTC,PTC Inc.,Information Technology,Application Software,2024,2298472000.0,376333000.0,749984000.0,,SimFin annual CSV,,2024-11-14,ok
0000858877,CSCO,Cisco,Information Technology,Communications Equipment,2025,56654000000.0,10180000000.0,14193000000.0,,SimFin annual CSV,,2025-09-03,ok
0000860730,HCA,HCA Healthcare,Health Care,Health Care Facilities,2024,70603000000.0,5760000000.0,10514000000.0,,SimFin annual CSV,,2025-02-14,ok
0000860731,TYL,Tyler Technologies,Information Technology,Application Software,2024,2137803000.0,263026000.0,624633000.0,,SimFin annual CSV,,2025-02-19,ok
0000864749,TRMB,Trimble Inc.,Information Technology,Application Software,2024,3683300000.0,1504400000.0,531400000.0,,SimFin annual CSV,,2025-04-25,ok
0000865752,MNST,Monster Beverage,Consumer Staples,Soft Drinks & Non-alcoholic Beverages,2024,7492709000.0,1509048000.0,1928533000.0,,SimFin annual CSV,,2025-02-28,ok
0000866374,FLEX,Flex Ltd.,Information Technology,Electronic Manufacturing Services,2024,25813000000.0,838000000.0,1505000000.0,,SimFin annual CSV,,2025-05-21,ok
0000866787,AZO,AutoZone,Consumer Discretionary,Automotive Retail,2025,18938717000.0,2498247000.0,3117337000.0,,SimFin annual CSV,,2025-10-27,ok
0000872589,REGN,Regeneron Pharmaceuticals,Health Care,Biotechnology,2024,14202000000.0,4412600000.0,4420500000.0,,SimFin annual CSV,,2025-02-05,ok
0000874716,IDXX,Idexx Laboratories,Health Care,Health Care Equipment,2024,3897504000.0,887867000.0,929001000.0,,SimFin annual CSV,,2025-02-21,ok
0000874761,AES,AES Corporation,Utilities,Independent Power Producers & Energy Traders,2025,12233000000,910000000,4306000000,51768000000,SEC Company Facts,0000874761-26-000063,2026-03-02,ok
0000874766,HIG,Hartford (The),Financials,Property & Casualty Insurance,2024,26535000000.0,3111000000.0,5909000000.0,,SimFin annual CSV,,2025-02-21,ok
0000875045,BIIB,Biogen,Health Care,Biotechnology,2024,9675900000.0,1632200000.0,2875500000.0,,SimFin annual CSV,,2025-02-12,ok
0000875320,VRTX,Vertex Pharmaceuticals,Health Care,Biotechnology,2024,11020100000.0,-535600000.0,-680300000.0,,SimFin annual CSV,,2025-02-13,ok
0000877212,ZBRA,Zebra Technologies,Information Technology,Electronic Equipment & Instruments,2024,4981000000.0,528000000.0,927000000.0,,SimFin annual CSV,,2025-02-13,ok
0000878927,ODFL,Old Dominion,Industrials,Cargo Ground Transportation,2024,5814810000.0,1186073000.0,1659283000.0,,SimFin annual CSV,,2025-02-25,ok
0000879101,KIM,Kimco Realty,Real Estate,Retail REITs,2025,2140116000,584741000,1120015000,19688250000,SEC Company Facts,0001193125-26-060760,2026-02-20,ok
0000879169,INCY,Incyte,Health Care,Biotechnology,2024,4241217000.0,32615000.0,335337000.0,,SimFin annual CSV,,2025-02-10,ok
0000882095,GILD,Gilead Sciences,Health Care,Biotechnology,2024,28754000000.0,480000000.0,10828000000.0,,SimFin annual CSV,,2025-02-28,ok
0000882184,DHI,D. R. Horton,Consumer Discretionary,Homebuilding,2024,36801400000.0,4756400000.0,2189800000.0,,SimFin annual CSV,,2024-11-19,ok
0000882835,ROP,Roper Technologies,Information Technology,Electronic Equipment & Instruments,2024,7039200000.0,1549300000.0,2393200000.0,,SimFin annual CSV,,2025-02-24,ok
0000883241,SNPS,Synopsys,Information Technology,Application Software,2024,6127436000.0,2263380000.0,1407029000.0,,SimFin annual CSV,,2024-12-19,ok
0000884887,RCL,Royal Caribbean Group,Consumer Discretionary,"Hotels, Resorts & Cruise Lines",2024,16485000000.0,2879000000.0,5374000000.0,,SimFin annual CSV,,2025-02-14,ok
0000885725,BSX,Boston Scientific,Health Care,Health Care Equipment,2024,16747000000.0,1856000000.0,3434000000.0,,SimFin annual CSV,,2025-02-18,ok
0000886982,GS,Goldman Sachs,Financials,Investment Banking & Brokerage,2024,53512000000.0,14276000000.0,-13212000000.0,,SimFin annual CSV,,2025-02-27,ok
0000895126,EXE,Expand Energy,Energy,Oil & Gas Exploration & Production,2024,4235000000.0,-714000000.0,1565000000.0,,SimFin annual CSV,,2025-02-26,ok
0000895421,MS,Morgan Stanley,Financials,Investment Banking & Brokerage,2021,59755000000.0,15034000000.0,33971000000.0,,SimFin annual CSV,,2022-02-24,ok
0000896159,CB,Chubb Limited,Financials,Property & Casualty Insurance,2024,55753000000.0,9272000000.0,15904000000.0,,SimFin annual CSV,,2025-02-27,ok
0000896878,INTU,Intuit,Information Technology,Application Software,2025,18831000000.0,3869000000.0,6001000000.0,,SimFin annual CSV,,2025-09-03,ok
0000898173,ORLY,O'Reilly Automotive,Consumer Discretionary,Automotive Retail,2024,16708479000.0,2386680000.0,3049576000.0,,SimFin annual CSV,,2025-02-28,ok
0000898293,JBL,Jabil,Information Technology,Electronic Manufacturing Services,2025,29802000000.0,657000000.0,1640000000.0,,SimFin annual CSV,,2025-10-17,ok
0000899051,ALL,Allstate,Financials,Property & Casualty Insurance,2025,67685000000,10282000000,10110000000,119758000000,SEC Company Facts,0000899051-26-000031,2026-02-20,ok
0000900075,CPRT,Copart,Industrials,Diversified Support Services,2025,4646958000.0,1552449000.0,1799750000.0,,SimFin annual CSV,,2025-09-26,ok
0000906107,VMRK,Vivmark Residential,Real Estate,Multi-Family Residential REITs,2025,1995519000,1120089000,1648763000,20746023000,SEC Company Facts,0001193125-26-051433,2026-02-13,ok
0000906163,NVR,"NVR, Inc.",Consumer Discretionary,Homebuilding,2024,10436315000.0,1681928000.0,7809768000.0,,SimFin annual CSV,,2025-02-12,ok
0000906345,CPT,Camden Property Trust,Real Estate,Multi-Family Residential REITs,2021,1154117000.0,303907000.0,573435000.0,,SimFin annual CSV,,2022-02-17,ok
0000909832,COST,Costco,Consumer Staples,Consumer Staples Merchandise Retail,2025,275235000000.0,8099000000.0,13335000000.0,,SimFin annual CSV,,2025-10-08,ok
0000910521,DECK,Deckers Brands,Consumer Discretionary,Footwear,2024,4985612000.0,966091000.0,1110172000.0,,SimFin annual CSV,,2025-05-23,ok
0000910606,REG,Regency Centers,Real Estate,Retail REITs,2024,1453904000.0,402726000.0,790198000.0,,SimFin annual CSV,,2025-02-14,ok
0000912595,MAA,Mid-America Apartment Communities,Real Estate,Multi-Family Residential REITs,2020,1677984000.0,254962000.0,823949000.0,,SimFin annual CSV,,2021-02-18,ok
0000914208,IVZ,Invesco,Financials,Asset Management & Custody Banks,2024,6067000000.0,774800000.0,1190000000.0,,SimFin annual CSV,,2025-02-25,ok
0000915913,ALB,Albemarle Corporation,Materials,Specialty Chemicals,2024,5377526000.0,-1179449000.0,687876000.0,,SimFin annual CSV,,2025-02-12,ok
0000916076,MLM,Martin Marietta Materials,Materials,Construction Materials,2024,6536000000.0,1995000000.0,1459000000.0,,SimFin annual CSV,,2025-02-21,ok
0000916365,TSCO,Tractor Supply,Consumer Discretionary,Other Specialty Retail,2024,14883231000.0,1101240000.0,1420835000.0,,SimFin annual CSV,,2025-02-20,ok
0000920148,LH,Labcorp,Health Care,Health Care Services,2024,13008900000.0,746000000.0,1585800000.0,,SimFin annual CSV,,2025-02-25,ok
0000920522,ESS,Essex Property Trust,Real Estate,Multi-Family Residential REITs,2024,1774450000.0,767936000.0,1068305000.0,,SimFin annual CSV,,2025-02-21,ok
0000920760,LEN,Lennar,Consumer Discretionary,Homebuilding,2022,33671010000.0,4614125000.0,3265668000.0,,SimFin annual CSV,,2023-01-26,ok
0000922224,PPL,PPL Corporation,Utilities,Electric Utilities,2024,8462000000.0,888000000.0,2392000000.0,,SimFin annual CSV,,2025-02-13,ok
0000922621,ERIE,Erie Indemnity,Financials,Insurance Brokers,2024,3864375000.0,600314000.0,611249000.0,,SimFin annual CSV,,2025-02-27,ok
0000927066,DVA,DaVita,Health Care,Health Care Services,2024,12815550000.0,936342000.0,2022038000.0,,SimFin annual CSV,,2025-02-13,ok
0000927628,COF,Capital One,Financials,Consumer Finance,2024,39112000000.0,4750000000.0,18159000000.0,,SimFin annual CSV,,2025-02-20,ok
0000927653,MCK,McKesson Corporation,Health Care,Health Care Distributors,2024,359051000000.0,3295000000.0,6085000000.0,,SimFin annual CSV,,2025-05-09,ok
0000935703,DLTR,Dollar Tree,Consumer Staples,Consumer Staples Merchandise Retail,2024,17578500000.0,-3030100000.0,-2921800000.0,,SimFin annual CSV,,2025-03-26,ok
0000936340,DTE,DTE Energy,Utilities,Multi-Utilities,2024,12457000000.0,1404000000.0,,,SimFin annual CSV,,2025-02-13,ok
0000936395,CIEN,Ciena,Information Technology,Communications Equipment,2024,4014955000.0,83956000.0,514532000.0,,SimFin annual CSV,,2024-12-20,ok
0000936468,LMT,Lockheed Martin,Industrials,Aerospace & Defense,2024,71043000000.0,5336000000.0,7481000000.0,,SimFin annual CSV,,2025-01-28,ok
0000940944,DRI,Darden Restaurants,Consumer Discretionary,Restaurants,2023,10487800000.0,981900000.0,1552800000.0,,SimFin annual CSV,,2023-07-21,ok
0000943452,WAB,Wabtec,Industrials,Construction Machinery & Heavy Transportation Equipment,2024,10387000000.0,1056000000.0,1834000000.0,,SimFin annual CSV,,2025-02-12,ok
0000943819,RMD,ResMed|,Health Care,Health Care Equipment,2025,5146327000.0,1400723000.0,1751588000.0,,SimFin annual CSV,,2025-08-08,ok
0000946581,TTWO,Take-Two Interactive,Communication Services,Interactive Home Entertainment,2024,5633600000.0,-4478900000.0,-45200000.0,,SimFin annual CSV,,2025-05-20,ok
0000947484,ACGL,Arch Capital Group,Financials,Property & Casualty Insurance,2024,17440000000.0,4312000000.0,6673000000.0,,SimFin annual CSV,,2025-02-27,ok
0001000228,HSIC,Henry Schein,Health Care,Health Care Distributors,2023,12339000000.0,416000000.0,500000000.0,,SimFin annual CSV,,2024-02-28,ok
0001000697,WAT,Waters Corporation,Health Care,Life Sciences Tools & Services,2024,2958387000.0,637834000.0,762123000.0,,SimFin annual CSV,,2025-02-25,ok
0001001250,EL,Estée Lauder Companies (The),Consumer Staples,Personal Care Products,2025,14326000000.0,-1133000000.0,1272000000.0,,SimFin annual CSV,,2025-08-20,ok
0001002047,NTAP,NetApp,Information Technology,"Technology Hardware, Storage & Peripherals",2025,6572000000.0,1186000000.0,1506000000.0,,SimFin annual CSV,,2025-06-09,ok
0001002910,AEE,Ameren,Utilities,Multi-Utilities,2024,7623000000.0,1182000000.0,2763000000.0,,SimFin annual CSV,,2025-02-18,ok
0001004980,PCG,PG&E Corporation,Utilities,Multi-Utilities,2022,21680000000.0,1814000000.0,3721000000.0,,SimFin annual CSV,,2023-02-23,ok
0001013237,FDS,FactSet,Financials,Financial Exchanges & Data,2025,2321748000.0,597040000.0,726260000.0,,SimFin annual CSV,,2025-10-22,ok
0001013871,NRG,NRG Energy,Utilities,Independent Power Producers & Energy Traders,2023,28823000000.0,-202000000.0,-221000000.0,,SimFin annual CSV,,2024-02-28,ok
0001014473,VRSN,Verisign,Information Technology,Internet Services & Infrastructure,2024,1557400000.0,785700000.0,902600000.0,,SimFin annual CSV,,2025-02-13,ok
0001018724,AMZN,Amazon,Consumer Discretionary,Broadline Retail,2024,637959000000.0,59248000000.0,115877000000.0,,SimFin annual CSV,,2025-02-07,ok
0001020569,IRM,Iron Mountain,Real Estate,Other Specialized REITs,2024,6149909000.0,180156000.0,1196708000.0,,SimFin annual CSV,,2025-02-14,ok
0001022079,DGX,Quest Diagnostics,Health Care,Health Care Services,2024,9872000000.0,871000000.0,1334000000.0,,SimFin annual CSV,,2025-02-20,ok
0001022671,STLD,Steel Dynamics,Materials,Steel,2024,17540390000.0,1537134000.0,1844503000.0,,SimFin annual CSV,,2025-02-28,ok
0001024478,ROK,Rockwell Automation,Industrials,Electrical Components & Equipment,2024,8264000000.0,953000000.0,864000000.0,,SimFin annual CSV,,2024-11-12,ok
0001031296,FE,FirstEnergy,Utilities,Electric Utilities,2022,12459000000.0,406000000.0,2517000000.0,,SimFin annual CSV,,2023-02-13,ok
0001032208,SRE,Sempra,Utilities,Multi-Utilities,2024,13185000000.0,2862000000.0,4886000000.0,,SimFin annual CSV,,2025-02-25,ok
0001034054,SBAC,SBA Communications,Real Estate,Telecom Tower REITs,2024,2679634000.0,749536000.0,1334866000.0,,SimFin annual CSV,,2025-02-26,ok
0001035002,VLO,Valero Energy,Energy,Oil & Gas Refining & Marketing,2022,176383000000.0,11528000000.0,12574000000.0,,SimFin annual CSV,,2023-02-23,ok
0001035267,ISRG,Intuitive Surgical,Health Care,Health Care Equipment,2024,8352100000.0,2322600000.0,2415000000.0,,SimFin annual CSV,,2025-01-31,ok
0001035443,ARE,Alexandria Real Estate Equities,Real Estate,Office REITs,2024,3116394000.0,322949000.0,1504524000.0,,SimFin annual CSV,,2025-01-27,ok
0001035983,FIX,Comfort Systems USA,Industrials,Construction & Engineering,2024,7027476000.0,522433000.0,849057000.0,,SimFin annual CSV,,2025-02-20,ok
0001037038,RL,Ralph Lauren Corporation,Consumer Discretionary,"Apparel, Accessories & Luxury Goods",2024,7079000000.0,742900000.0,1235100000.0,,SimFin annual CSV,,2025-05-22,ok
0001037540,BXP,"BXP, Inc.",Real Estate,Office REITs,2024,3407719000.0,14272000.0,1234501000.0,,SimFin annual CSV,,2025-02-27,ok
0001037646,MTD,Mettler Toledo,Health Care,Life Sciences Tools & Services,2024,3872361000.0,863140000.0,968346000.0,,SimFin annual CSV,,2025-02-07,ok
0001037868,AME,Ametek,Industrials,Electrical Components & Equipment,2024,6941180000.0,1376124000.0,1828848000.0,,SimFin annual CSV,,2025-02-20,ok
0001039684,OKE,Oneok,Energy,Oil & Gas Storage & Transportation,2025,33629000000,3393000000,5599000000,66641000000,SEC Company Facts,0001039684-26-000006,2026-02-24,ok
0001041061,YUM,Yum! Brands,Consumer Discretionary,Restaurants,2024,7549000000.0,1486000000.0,1689000000.0,,SimFin annual CSV,,2025-02-19,ok
0001043277,CHRW,C.H. Robinson,Industrials,Air Freight & Logistics,2024,17724956000.0,465690000.0,648191000.0,,SimFin annual CSV,,2025-02-14,ok
0001045609,PLD,Prologis,Real Estate,Industrial REITs,2024,8201610000.0,3824743000.0,1705978000.0,,SimFin annual CSV,,2025-02-14,ok
0001045810,NVDA,Nvidia,Information Technology,Semiconductors,2024,130497000000.0,72880000000.0,64089000000.0,,SimFin annual CSV,,2025-02-26,ok
0001047862,ED,Consolidated Edison,Utilities,Multi-Utilities,2023,13476000000.0,1606000000.0,1905000000.0,,SimFin annual CSV,,2024-02-15,ok
0001048286,MAR,Marriott International,Consumer Discretionary,"Hotels, Resorts & Cruise Lines",2024,6618000000.0,2375000000.0,2749000000.0,,SimFin annual CSV,,2025-02-11,ok
0001048695,FFIV,"F5, Inc.",Information Technology,Communications Equipment,2024,2816120000.0,566778000.0,792419000.0,,SimFin annual CSV,,2024-11-18,ok
0001048911,FDX,FedEx,Industrials,Air Freight & Logistics,2024,87693000000.0,4331000000.0,8312000000.0,,SimFin annual CSV,,2024-07-15,ok
0001050915,PWR,Quanta Services,Industrials,Construction & Engineering,2024,23672795000.0,904824000.0,2081196000.0,,SimFin annual CSV,,2025-02-20,ok
0001051470,CCI,Crown Castle,Real Estate,Telecom Tower REITs,2022,6986000000.0,1675000000.0,2878000000.0,,SimFin annual CSV,,2023-02-24,ok
0001053507,AMT,American Tower,Real Estate,Telecom Tower REITs,2021,9356900000.0,2567700000.0,4819900000.0,,SimFin annual CSV,,2022-02-25,ok
0001057352,CSGP,CoStar Group,Real Estate,Real Estate Services,2024,2736000000.0,139000000.0,393000000.0,,SimFin annual CSV,,2025-02-20,ok
0001058090,CMG,Chipotle Mexican Grill,Consumer Discretionary,Restaurants,2024,11313853000.0,1534110000.0,2105076000.0,,SimFin annual CSV,,2025-02-05,ok
0001058290,CTSH,Cognizant,Information Technology,IT Consulting & Other Services,2024,19736000000.0,2240000000.0,2124000000.0,,SimFin annual CSV,,2025-02-12,ok
0001059556,MCO,Moody's Corporation,Financials,Financial Exchanges & Data,2024,7088000000.0,2058000000.0,2838000000.0,,SimFin annual CSV,,2025-02-14,ok
0001060391,RSG,Republic Services,Industrials,Environmental & Facilities Services,2024,16032000000.0,2047000000.0,3936000000.0,,SimFin annual CSV,,2025-02-14,ok
0001063761,SPG,Simon Property Group,Real Estate,Retail REITs,2024,5963798000.0,2730662000.0,3814655000.0,,SimFin annual CSV,,2025-02-21,ok
0001065088,EBAY,eBay Inc.,Consumer Discretionary,Broadline Retail,2024,10283000000.0,1975000000.0,2414000000.0,,SimFin annual CSV,,2025-02-27,ok
0001065280,NFLX,Netflix,Communication Services,Movies & Entertainment,2024,39000966000.0,8711631000.0,7361364000.0,,SimFin annual CSV,,2025-01-27,ok
0001067701,URI,United Rentals,Industrials,Trading Companies & Distributors,2024,15345000000.0,2575000000.0,4597000000.0,,SimFin annual CSV,,2025-01-29,ok
0001067983,BRK.B,Berkshire Hathaway,Financials,Multi-Sector Holdings,2025,247244000000,66968000000,45969000000,1222176000000,SEC Company Facts,0001193125-26-083899,2026-03-02,ok
0001069183,AXON,Axon Enterprise,Industrials,Aerospace & Defense,2024,2082526000.0,377034000.0,408366000.0,,SimFin annual CSV,,2025-02-28,ok
0001069202,LII,Lennox International,Industrials,Building Products,2024,5341300000.0,811100000.0,945700000.0,,SimFin annual CSV,,2025-02-11,ok
0001070750,HST,Host Hotels & Resorts,Real Estate,Hotel & Resort REITs,2024,5684000000.0,697000000.0,1498000000.0,,SimFin annual CSV,,2025-02-26,ok
0001071739,CNC,Centene Corporation,Health Care,Managed Health Care,2024,163071000000.0,3305000000.0,154000000.0,,SimFin annual CSV,,2025-02-18,ok
0001075531,BKNG,Booking Holdings,Consumer Discretionary,"Hotels, Resorts & Cruise Lines",2024,23739000000.0,5882000000.0,8799000000.0,,SimFin annual CSV,,2025-02-20,ok
0001086222,AKAM,Akamai Technologies,Information Technology,Internet Services & Infrastructure,2024,3991168000.0,504918000.0,1523144000.0,,SimFin annual CSV,,2025-02-24,ok
0001090012,DVN,Devon Energy,Energy,Oil & Gas Exploration & Production,2024,15940000000.0,2891000000.0,6600000000.0,,SimFin annual CSV,,2025-02-19,ok
0001090727,UPS,United Parcel Service,Industrials,Air Freight & Logistics,2024,91070000000.0,5782000000.0,10122000000.0,,SimFin annual CSV,,2025-02-18,ok
0001090872,A,Agilent Technologies,Health Care,Life Sciences Tools & Services,2024,6510000000.0,1289000000.0,1751000000.0,,SimFin annual CSV,,2024-12-20,ok
0001091667,CHTR,Charter Communications,Communication Services,Cable & Satellite,2024,55085000000.0,5083000000.0,14430000000.0,,SimFin annual CSV,,2025-01-31,ok
0001093557,DXCM,Dexcom,Health Care,Health Care Equipment,2024,4033000000.0,576200000.0,989500000.0,,SimFin annual CSV,,2025-02-18,ok
0001094285,TDY,Teledyne Technologies,Information Technology,Electronic Equipment & Instruments,2024,5670000000.0,819200000.0,1191900000.0,,SimFin annual CSV,,2025-02-21,ok
0001095073,EG,Everest Group,Financials,Reinsurance,2024,17281000000.0,1374000000.0,4956000000.0,,SimFin annual CSV,,2025-02-27,ok
0001097149,ALGN,Align Technology,Health Care,Health Care Supplies,2024,3999012000.0,421362000.0,738231000.0,,SimFin annual CSV,,2025-02-28,ok
0001097864,ON,ON Semiconductor,Information Technology,Semiconductors,2024,7082300000.0,1572800000.0,1906400000.0,,SimFin annual CSV,,2025-02-10,ok
0001099219,MET,MetLife,Financials,Life & Health Insurance,2024,70986000000.0,4426000000.0,14598000000.0,,SimFin annual CSV,,2025-02-21,ok
0001099800,EW,Edwards Lifesciences,Health Care,Health Care Equipment,2024,5439500000.0,4174600000.0,563700000.0,,SimFin annual CSV,,2025-02-28,ok
0001100682,CRL,Charles River Laboratories,Health Care,Life Sciences Tools & Services,2024,4049989000.0,10297000.0,734577000.0,,SimFin annual CSV,,2025-02-19,ok
0001101239,EQIX,Equinix,Real Estate,Data Center REITs,2024,8748000000.0,813000000.0,3260000000.0,,SimFin annual CSV,,2025-02-12,ok
0001103982,MDLZ,Mondelez International,Consumer Staples,Packaged Foods & Meats,2024,36441000000.0,4611000000.0,4910000000.0,,SimFin annual CSV,,2025-02-05,ok
0001108524,CRM,Salesforce,Information Technology,Application Software,2024,37895000000.0,6197000000.0,13092000000.0,,SimFin annual CSV,,2025-03-05,ok
0001109357,EXC,Exelon,Utilities,Electric Utilities,2023,21727000000.0,2328000000.0,4703000000.0,,SimFin annual CSV,,2024-02-21,ok
0001111711,NI,NiSource,Utilities,Multi-Utilities,2024,5455100000.0,760400000.0,1614700000.0,,SimFin annual CSV,,2025-02-12,ok
0001113169,TROW,T. Rowe Price,Financials,Asset Management & Custody Banks,2024,7093600000.0,2100100000.0,1685600000.0,,SimFin annual CSV,,2025-02-14,ok
0001116132,TPR,"Tapestry, Inc.",Consumer Discretionary,"Apparel, Accessories & Luxury Goods",2025,7010700000.0,183200000.0,1216600000.0,,SimFin annual CSV,,2025-08-14,ok
0001120193,NDAQ,"Nasdaq, Inc.",Financials,Financial Exchanges & Data,2024,4649000000.0,1113000000.0,909000000.0,,SimFin annual CSV,,2025-02-21,ok
0001121788,GRMN,Garmin,Consumer Discretionary,Consumer Electronics,2024,6296903000.0,1411436000.0,1432471000.0,,SimFin annual CSV,,2025-02-19,ok
0001123360,GPN,Global Payments,Financials,Transaction & Payment Processing Services,2024,7735970000.0,1570365000.0,3057583000.0,,SimFin annual CSV,,2025-02-14,ok
0001126328,PFG,Principal Financial Group,Financials,Life & Health Insurance,2021,1705500000.0,1580200000.0,-78300000.0,,SimFin annual CSV,,2022-02-11,ok
0001130310,CNP,CenterPoint Energy,Utilities,Multi-Utilities,2024,8643000000.0,1019000000.0,2139000000.0,,SimFin annual CSV,,2025-02-20,ok
0001133421,NOC,Northrop Grumman,Industrials,Aerospace & Defense,2024,41033000000.0,4174000000.0,4388000000.0,,SimFin annual CSV,,2025-01-30,ok
0001136869,ZBH,Zimmer Biomet,Health Care,Health Care Equipment,2024,7678600000.0,903700000.0,1499400000.0,,SimFin annual CSV,,2025-02-25,ok
0001136893,FIS,Fidelity National Information Services,Financials,Transaction & Payment Processing Services,2022,9720000000.0,-16752000000.0,1679000000.0,,SimFin annual CSV,,2023-02-27,ok
0001137774,PRU,Prudential Financial,Financials,Life & Health Insurance,2022,56881000000.0,-1647000000.0,5158000000.0,,SimFin annual CSV,,2023-02-16,ok
0001137789,STX,Seagate Technology,Information Technology,"Technology Hardware, Storage & Peripherals",2025,9097000000.0,1469000000.0,1083000000.0,,SimFin annual CSV,,2025-08-01,ok
0001138118,CBRE,CBRE Group,Real Estate,Real Estate Services,2024,35767000000.0,968000000.0,1822000000.0,,SimFin annual CSV,,2025-02-14,ok
0001140536,WTW,Willis Towers Watson,Financials,Insurance Brokers,2024,9930000000.0,-98000000.0,1512000000.0,,SimFin annual CSV,,2025-02-25,ok
0001140859,COR,Cencora,Health Care,Health Care Distributors,2024,293958599000.0,1509120000.0,3484685000.0,,SimFin annual CSV,,2024-11-26,ok
0001141391,MA,Mastercard,Financials,Transaction & Payment Processing Services,2024,28167000000.0,12874000000.0,14780000000.0,,SimFin annual CSV,,2025-02-12,ok
0001145197,PODD,Insulet Corporation,Health Care,Health Care Equipment,2024,2071600000.0,418300000.0,430400000.0,,SimFin annual CSV,,2025-02-21,ok
0001156039,ELV,Elevance Health,Health Care,Managed Health Care,2024,176810000000.0,5980000000.0,5808000000.0,,SimFin annual CSV,,2025-02-20,ok
0001156375,CME,CME Group,Financials,Financial Exchanges & Data,2024,6130100000.0,3525800000.0,3690500000.0,,SimFin annual CSV,,2025-02-27,ok
0001163165,COP,ConocoPhillips,Energy,Oil & Gas Exploration & Production,2024,56902000000.0,9245000000.0,20124000000.0,,SimFin annual CSV,,2025-02-18,ok
0001164727,NEM,Newmont,Materials,Gold,2024,18682000000.0,3348000000.0,6363000000.0,,SimFin annual CSV,,2025-02-21,ok
0001166691,CMCSA,Comcast,Communication Services,Cable & Satellite,2024,123731000000.0,16193000000.0,27674000000.0,,SimFin annual CSV,,2025-01-31,ok
0001174922,WYNN,Wynn Resorts,Consumer Discretionary,Casinos & Gaming,2024,7127961000.0,501078000.0,1426203000.0,,SimFin annual CSV,,2025-02-13,ok
0001175454,CPAY,Corpay,Financials,Transaction & Payment Processing Services,2025,2249538000,1069826000,1499901000,26408135000,SEC Company Facts,0001175454-26-000018,2026-02-27,ok
0001176948,ARES,Ares Management,Financials,Asset Management & Custody Banks,2020,1764046000.0,296400000.0,-425659000.0,,SimFin annual CSV,,2021-02-25,ok
0001260221,TDG,TransDigm Group,Industrials,Aerospace & Defense,2024,7940000000.0,1716000000.0,2045000000.0,,SimFin annual CSV,,2024-11-07,ok
0001262039,FTNT,Fortinet,Information Technology,Systems Software,2024,5955800000.0,1745200000.0,2258100000.0,,SimFin annual CSV,,2025-02-21,ok
0001267238,AIZ,Assurant,Financials,Multi-line Insurance,2024,11877500000.0,760200000.0,1332700000.0,,SimFin annual CSV,,2025-02-20,ok
0001274494,FSLR,First Solar,Information Technology,Semiconductors,2024,4206289000.0,1292044000.0,1217999000.0,,SimFin annual CSV,,2025-02-25,ok
0001280452,MPWR,Monolithic Power Systems,Information Technology,Semiconductors,2024,2207100000.0,1592058000.0,788410000.0,,SimFin annual CSV,,2025-03-03,ok
0001281761,RF,Regions Financial Corporation,Financials,Regional Banks,2022,7215000000.0,2245000000.0,3102000000.0,,SimFin annual CSV,,2023-02-24,ok
0001283699,TMUS,T-Mobile US,Communication Services,Wireless Telecommunication Services,2024,81400000000.0,11339000000.0,22293000000.0,,SimFin annual CSV,,2025-01-31,ok
0001285785,MOS,Mosaic Company (The),Materials,Fertilizers & Agricultural Chemicals,2024,11122800000.0,174900000.0,1299200000.0,,SimFin annual CSV,,2025-03-03,ok
0001286681,DPZ,Domino's,Consumer Discretionary,Restaurants,2024,4706416000.0,584170000.0,624897000.0,,SimFin annual CSV,,2025-02-24,ok
0001289490,EXR,Extra Space Storage,Real Estate,Self-Storage REITs,2024,3256902000.0,854681000.0,1887430000.0,,SimFin annual CSV,,2025-02-28,ok
0001297996,DLR,Digital Realty,Real Estate,Data Center REITs,2024,5554968000.0,615190000.0,2261477000.0,,SimFin annual CSV,,2025-02-25,ok
0001300514,LVS,Las Vegas Sands,Consumer Discretionary,Casinos & Gaming,2024,11298000000.0,1446000000.0,3204000000.0,,SimFin annual CSV,,2025-02-07,ok
0001316835,BLDR,Builders FirstSource,Industrials,Building Products,2024,16400492000.0,1077898000.0,1872692000.0,,SimFin annual CSV,,2025-02-20,ok
0001318605,TSLA,"Tesla, Inc.",Consumer Discretionary,Automobile Manufacturers,2024,97690000000.0,7091000000.0,14923000000.0,,SimFin annual CSV,,2025-01-30,ok
0001321655,PLTR,Palantir Technologies,Information Technology,Application Software,2024,2865507000.0,462190000.0,1153865000.0,,SimFin annual CSV,,2025-02-18,ok
0001324404,CF,CF Industries,Materials,Fertilizers & Agricultural Chemicals,2024,5936000000.0,1218000000.0,2271000000.0,,SimFin annual CSV,,2025-02-20,ok
0001324424,EXPE,Expedia Group,Consumer Discretionary,"Hotels, Resorts & Cruise Lines",2024,13691000000.0,1234000000.0,3085000000.0,,SimFin annual CSV,,2025-02-07,ok
0001326160,DUK,Duke Energy,Utilities,Electric Utilities,2024,30357000000.0,4524000000.0,12328000000.0,,SimFin annual CSV,,2025-02-27,ok
0001326801,META,Meta Platforms,Communication Services,Interactive Media & Services,2024,164501000000.0,62360000000.0,91328000000.0,,SimFin annual CSV,,2025-01-30,ok
0001327567,PANW,Palo Alto Networks,Information Technology,Systems Software,2025,9221500000.0,1133900000.0,3716000000.0,,SimFin annual CSV,,2025-08-29,ok
0001327811,WDAY,"Workday, Inc.",Information Technology,Application Software,2024,8446000000.0,526000000.0,2461000000.0,,SimFin annual CSV,,2025-03-11,ok
0001335258,LYV,Live Nation Entertainment,Communication Services,Movies & Entertainment,2024,23155625000.0,896287000.0,1732548000.0,,SimFin annual CSV,,2025-02-21,ok
0001336920,LDOS,Leidos,Industrials,Diversified Support Services,2021,14396000000.0,685000000.0,1031000000.0,,SimFin annual CSV,,2022-02-14,ok
0001341439,ORCL,Oracle Corporation,Information Technology,Application Software,2025,57399000000.0,12443000000.0,20821000000.0,,SimFin annual CSV,,2025-06-18,ok
0001373715,NOW,ServiceNow,Information Technology,Systems Software,2024,10984000000.0,1425000000.0,4267000000.0,,SimFin annual CSV,,2025-01-30,ok
0001374310,CBOE,Cboe Global Markets,Financials,Financial Exchanges & Data,2024,4094500000.0,764900000.0,1100600000.0,,SimFin annual CSV,,2025-02-21,ok
0001375365,SMCI,Supermicro,Information Technology,"Technology Hardware, Storage & Peripherals",2025,21972042000.0,1048854000.0,1659524000.0,,SimFin annual CSV,,2025-08-28,ok
0001381197,IBKR,Interactive Brokers,Financials,Investment Banking & Brokerage,2024,5185000000.0,755000000.0,8724000000.0,,SimFin annual CSV,,2025-02-27,ok
0001383312,BR,Broadridge Financial Solutions,Industrials,Data Processing & Outsourced Services,2025,6889100000.0,839600000.0,1171300000.0,,SimFin annual CSV,,2025-08-05,ok
0001385157,TEL,TE Connectivity,Information Technology,Electronic Manufacturing Services,2024,15845000000.0,3193000000.0,3477000000.0,,SimFin annual CSV,,2024-11-12,ok
0001389170,TRGP,Targa Resources,Energy,Oil & Gas Storage & Transportation,2024,16381500000.0,1312000000.0,3649700000.0,,SimFin annual CSV,,2025-02-20,ok
0001390777,BNY,BNY Mellon,Financials,Asset Management & Custody Banks,2025,20080000000,5549000000,6730000000,472300000000,SEC Company Facts,0001390777-26-000033,2026-02-25,ok
0001393052,VEEV,Veeva Systems,Health Care,Health Care Technology,2024,2746619000.0,714138000.0,1090051000.0,,SimFin annual CSV,,2025-03-24,ok
0001393311,PSA,Public Storage,Real Estate,Self-Storage REITs,2024,4695616000.0,2072011000.0,3128255000.0,,SimFin annual CSV,,2025-02-24,ok
0001393818,BX,Blackstone Inc.,Financials,Asset Management & Custody Banks,2024,13229968000.0,2776508000.0,1568850000.0,,SimFin annual CSV,,2025-02-28,ok
0001396009,VMC,Vulcan Materials Company,Materials,Construction Materials,2024,7417700000.0,911900000.0,1409600000.0,,SimFin annual CSV,,2025-02-20,ok
0001397187,LULU,Lululemon Athletica,Consumer Discretionary,"Apparel, Accessories & Luxury Goods",2024,10588126000.0,1814616000.0,2272713000.0,,SimFin annual CSV,,2025-03-27,ok
0001402057,CDW,CDW Corporation,Information Technology,Technology Distributors,2024,20998700000.0,1077800000.0,1277300000.0,,SimFin annual CSV,,2025-02-21,ok
0001403161,V,Visa Inc.,Financials,Transaction & Payment Processing Services,2024,35926000000.0,19743000000.0,19950000000.0,,SimFin annual CSV,,2024-11-13,ok
0001403568,ULTA,Ulta Beauty,Consumer Discretionary,Other Specialty Retail,2024,11295654000.0,1201118000.0,1338605000.0,,SimFin annual CSV,,2025-03-26,ok
0001404912,KKR,KKR & Co.,Financials,Asset Management & Custody Banks,2025,2006791000,2370463000,477760000,410144072000,SEC Company Facts,0001404912-26-000007,2026-02-27,ok
0001408198,MSCI,MSCI,Financials,Financial Exchanges & Data,2024,2856128000.0,1109128000.0,1501491000.0,,SimFin annual CSV,,2025-02-07,ok
0001410636,AWK,American Water Works,Utilities,Water Utilities,2024,4684000000.0,1051000000.0,2045000000.0,,SimFin annual CSV,,2025-02-19,ok
0001413329,PM,Philip Morris International,Consumer Staples,Tobacco,2024,37878000000.0,7057000000.0,12217000000.0,,SimFin annual CSV,,2025-02-06,ok
0001413447,NXPI,NXP Semiconductors,Information Technology,Semiconductors,2024,12614000000.0,2510000000.0,2782000000.0,,SimFin annual CSV,,2025-02-20,ok
0001415404,ECHO,EchoStar,Communication Services,Wireless Telecommunication Services,2020,2511515000.0,15833000.0,63770000.0,,SimFin annual CSV,,2021-02-26,ok
0001418135,KDP,Keurig Dr Pepper,Consumer Staples,Soft Drinks & Non-alcoholic Beverages,2024,15351000000.0,1441000000.0,1628000000.0,,SimFin annual CSV,,2025-02-25,ok
0001437107,WBD,Warner Bros. Discovery,Communication Services,Broadcasting,2024,39321000000.0,-11311000000.0,5375000000.0,,SimFin annual CSV,,2025-02-27,ok
0001442145,VRSK,Verisk Analytics,Industrials,Research & Consulting Services,2024,2881700000.0,958200000.0,1144000000.0,,SimFin annual CSV,,2025-02-26,ok
0001466258,TT,Trane Technologies,Industrials,Building Products,2024,19838200000.0,2567900000.0,3145600000.0,,SimFin annual CSV,,2025-02-06,ok
0001467373,ACN,Accenture,Information Technology,IT Consulting & Other Services,2025,69672977000.0,7678433000.0,11474399000.0,,SimFin annual CSV,,2025-10-10,ok
0001467858,GM,General Motors,Consumer Discretionary,Automobile Manufacturers,2024,187442000000.0,6009000000.0,20126000000.0,,SimFin annual CSV,,2025-01-28,ok
0001474735,GNRC,Generac,Industrials,Heavy Electrical Equipment,2024,4295834000.0,316315000.0,741301000.0,,SimFin annual CSV,,2025-02-19,ok
0001478242,IQV,IQVIA,Health Care,Life Sciences Tools & Services,2024,15405000000.0,1373000000.0,2716000000.0,,SimFin annual CSV,,2025-02-13,ok
0001489393,LYB,LyondellBasell,Materials,Specialty Chemicals,2024,33394000000.0,1360000000.0,3552000000.0,,SimFin annual CSV,,2025-02-27,ok
0001501585,HII,Huntington Ingalls Industries,Industrials,Aerospace & Defense,2024,11535000000.0,550000000.0,393000000.0,,SimFin annual CSV,,2025-02-06,ok
0001506307,KMI,Kinder Morgan,Energy,Oil & Gas Storage & Transportation,2024,15100000000.0,2613000000.0,5635000000.0,,SimFin annual CSV,,2025-02-13,ok
0001510295,MPC,Marathon Petroleum,Energy,Oil & Gas Refining & Marketing,2024,140384000000.0,3445000000.0,8665000000.0,,SimFin annual CSV,,2025-02-27,ok
0001512673,XYZ,"Block, Inc.",Financials,Transaction & Payment Processing Services,2025,3205500000,1305636000,2579714000,39549887000,SEC Company Facts,0001628280-26-012254,2026-02-26,ok
0001513761,NCLH,Norwegian Cruise Line Holdings,Consumer Discretionary,"Hotels, Resorts & Cruise Lines",2024,9479651000.0,910257000.0,2049823000.0,,SimFin annual CSV,,2025-02-27,ok
0001521332,APTV,Aptiv,Consumer Discretionary,Automotive Parts & Equipment,2024,19713000000.0,1787000000.0,2446000000.0,,SimFin annual CSV,,2025-02-07,ok
0001524472,XYL,Xylem Inc.,Industrials,Industrial Machinery & Supplies & Components,2024,8562000000.0,890000000.0,1263000000.0,,SimFin annual CSV,,2025-03-03,ok
0001534701,PSX,Phillips 66,Energy,Oil & Gas Refining & Marketing,2024,143153000000.0,2117000000.0,4191000000.0,,SimFin annual CSV,,2025-02-21,ok
0001535527,CRWD,CrowdStrike,Information Technology,Systems Software,2024,3953624000.0,-15241000.0,1381727000.0,,SimFin annual CSV,,2025-03-10,ok
0001539838,FANG,Diamondback Energy,Energy,Oil & Gas Exploration & Production,2024,11066000000.0,3338000000.0,6413000000.0,,SimFin annual CSV,,2025-02-26,ok
0001543151,UBER,Uber,Industrials,Passenger Ground Transportation,2024,43978000000.0,9856000000.0,7137000000.0,,SimFin annual CSV,,2025-02-14,ok
0001551152,ABBV,AbbVie,Health Care,Biotechnology,2024,56334000000.0,4278000000.0,18806000000.0,,SimFin annual CSV,,2025-02-14,ok
0001551182,ETN,Eaton Corporation,Industrials,Electrical Components & Equipment,2024,24878000000.0,3794000000.0,4327000000.0,,SimFin annual CSV,,2025-02-27,ok
0001555280,ZTS,Zoetis,Health Care,Pharmaceuticals,2024,9256000000.0,2486000000.0,2953000000.0,,SimFin annual CSV,,2025-02-13,ok
0001559720,ABNB,Airbnb,Consumer Discretionary,"Hotels, Resorts & Cruise Lines",2024,11102000000.0,2648000000.0,4518000000.0,,SimFin annual CSV,,2025-02-13,ok
0001561550,DDOG,Datadog,Information Technology,Application Software,2024,2684275000.0,183746000.0,870603000.0,,SimFin annual CSV,,2025-02-20,ok
0001564708,"NWSA,NWS",News Corp (Class A),Communication Services,Publishing,2025,8452000000.0,1180000000.0,-362000000.0,,SimFin annual CSV,,2025-08-06,ok
0001571949,ICE,Intercontinental Exchange,Financials,Financial Exchanges & Data,2024,11761000000.0,2754000000.0,4609000000.0,,SimFin annual CSV,,2025-02-06,ok
0001571996,DELL,Dell Technologies,Information Technology,"Technology Hardware, Storage & Peripherals",2024,95567000000.0,4592000000.0,4521000000.0,,SimFin annual CSV,,2025-03-25,ok
0001579241,ALLE,Allegion,Industrials,Building Products,2024,3772200000.0,597500000.0,675000000.0,,SimFin annual CSV,,2025-02-17,ok
0001585689,HLT,Hilton Worldwide,Consumer Discretionary,"Hotels, Resorts & Cruise Lines",2024,4746000000.0,1535000000.0,2118000000.0,,SimFin annual CSV,,2025-02-06,ok
0001596532,ANET,Arista Networks,Information Technology,Communications Equipment,2024,7003100000.0,2852100000.0,3708200000.0,,SimFin annual CSV,,2025-02-19,ok
0001601046,KEYS,Keysight Technologies,Information Technology,Electronic Equipment & Instruments,2024,4979000000.0,614000000.0,1052000000.0,,SimFin annual CSV,,2024-12-17,ok
0001601712,SYF,Synchrony Financial,Financials,Consumer Finance,2021,15712000000.0,4221000000.0,7099000000.0,,SimFin annual CSV,,2022-02-10,ok
0001609711,GDDY,GoDaddy,Information Technology,Internet Services & Infrastructure,2024,4573200000.0,936900000.0,1287700000.0,,SimFin annual CSV,,2025-02-20,ok
0001613103,MDT,Medtronic,Health Care,Health Care Equipment,2025,33537000000.0,4664000000.0,7044000000.0,,SimFin annual CSV,,2025-06-20,ok
0001633917,PYPL,PayPal,Financials,Transaction & Payment Processing Services,2024,31797000000.0,4147000000.0,7450000000.0,,SimFin annual CSV,,2025-02-04,ok
0001633978,LITE,Lumentum,Information Technology,Communications Equipment,2025,1645000000.0,25900000.0,126300000.0,,SimFin annual CSV,,2025-08-19,ok
0001637459,KHC,Kraft Heinz,Consumer Staples,Packaged Foods & Meats,2024,25846000000.0,2744000000.0,4184000000.0,,SimFin annual CSV,,2025-02-13,ok
0001645590,HPE,Hewlett Packard Enterprise,Information Technology,"Technology Hardware, Storage & Peripherals",2024,30127000000.0,2579000000.0,4341000000.0,,SimFin annual CSV,,2024-12-19,ok
0001652044,"GOOGL,GOOG",Alphabet Inc. (Class A),Communication Services,Interactive Media & Services,2024,350018000000.0,100118000000.0,125299000000.0,,SimFin annual CSV,,2025-02-05,ok
0001659166,FTV,Fortive,Industrials,Industrial Machinery & Supplies & Components,2024,4080900000.0,832900000.0,1526800000.0,,SimFin annual CSV,,2025-02-25,ok
0001666700,DD,DuPont,Industrials,Industrial Conglomerates,2025,6849000000,-779000000,588000000,21575000000,SEC Company Facts,0001666700-26-000013,2026-02-17,ok
0001671933,TTD,Trade Desk (The),Communication Services,Advertising,2024,2444831000.0,393076000.0,739456000.0,,SimFin annual CSV,,2025-02-21,ok
0001674101,VRT,Vertiv,Industrials,Electrical Components & Equipment,2024,8011800000.0,495800000.0,1319300000.0,,SimFin annual CSV,,2025-02-18,ok
0001679788,COIN,Coinbase,Financials,Financial Exchanges & Data,2024,6564028000.0,2579066000.0,3003006000.0,,SimFin annual CSV,,2025-02-13,ok
0001682852,MRNA,Moderna,Health Care,Biotechnology,2024,3236000000.0,-3561000000.0,-3004000000.0,,SimFin annual CSV,,2025-02-21,ok
0001687229,INVH,Invitation Homes,Real Estate,Single-Family Residential REITs,2024,2618942000.0,453917000.0,1081805000.0,,SimFin annual CSV,,2025-02-27,ok
0001690820,CVNA,Carvana,Consumer Discretionary,Automotive Retail,2024,13673000000.0,210000000.0,-8075000000.0,,SimFin annual CSV,,2025-02-19,ok
0001692819,VST,Vistra Corp.,Utilities,Electric Utilities,2024,17224000000.0,2659000000.0,4563000000.0,,SimFin annual CSV,,2025-02-28,ok
0001699150,IR,Ingersoll Rand,Industrials,Industrial Machinery & Supplies & Components,2024,7235000000.0,838600000.0,1396700000.0,,SimFin annual CSV,,2025-02-19,ok
0001701605,BKR,Baker Hughes,Energy,Oil & Gas Equipment & Services,2024,27829000000.0,2979000000.0,3332000000.0,,SimFin annual CSV,,2025-02-04,ok
0001705696,VICI,Vici Properties,Real Estate,Hotel & Resort REITs,2024,3808754000.0,2704255000.0,2381498000.0,,SimFin annual CSV,,2025-02-20,ok
0001707925,LIN,Linde plc,Materials,Industrial Gases,2024,33005000000.0,6909000000.0,9423000000.0,,SimFin annual CSV,,2025-02-26,ok
0001711269,EVRG,Evergy,Utilities,Electric Utilities,2024,5847300000.0,873600000.0,1983700000.0,,SimFin annual CSV,,2025-02-27,ok
0001713445,RDDT,Reddit,Communication Services,Interactive Media & Services,2025,2202506000,529721000,690875000,3239173000,SEC Company Facts,0001713445-26-000022,2026-02-06,ok
0001730168,AVGO,Broadcom,Information Technology,Semiconductors,2024,51574000000.0,5895000000.0,19962000000.0,,SimFin annual CSV,,2024-12-20,ok
0001739940,CI,Cigna,Health Care,Health Care Services,2024,247121000000.0,3434000000.0,10363000000.0,,SimFin annual CSV,,2025-02-27,ok
0001744489,DIS,Walt Disney Company (The),Communication Services,Movies & Entertainment,2024,91361000000.0,4972000000.0,12925000000.0,,SimFin annual CSV,,2024-11-14,ok
0001748790,AMCR,Amcor,Materials,Paper & Plastic Packaging Products & Materials,2025,15009000000.0,511000000.0,1390000000.0,,SimFin annual CSV,,2025-08-15,ok
0001751008,APP,AppLovin,Communication Services,Advertising,2024,3224058000.0,1579776000.0,2099011000.0,,SimFin annual CSV,,2025-02-27,ok
0001751788,DOW,Dow Inc.,Materials,Commodity Chemicals,2024,42964000000.0,1116000000.0,2939000000.0,,SimFin annual CSV,,2025-02-04,ok
0001754301,"FOXA,FOX",Fox Corporation (Class A),Communication Services,Broadcasting,2025,16300000000.0,2263000000.0,3324000000.0,,SimFin annual CSV,,2025-08-06,ok
0001755672,CTVA,Corteva,Materials,Fertilizers & Agricultural Chemicals,2024,16908000000.0,907000000.0,2145000000.0,,SimFin annual CSV,,2025-02-14,ok
0001757898,STE,Steris,Health Care,Health Care Equipment,2024,5459500000.0,614500000.0,1148100000.0,,SimFin annual CSV,,2025-05-29,ok
0001781335,OTIS,Otis Worldwide,Industrials,Industrial Machinery & Supplies & Components,2024,14261000000.0,1645000000.0,1563000000.0,,SimFin annual CSV,,2025-02-04,ok
0001783180,CARR,Carrier Global,Industrials,Building Products,2022,17288000000.0,3534000000.0,1743000000.0,,SimFin annual CSV,,2023-02-07,ok
0001783879,HOOD,Robinhood Markets,Financials,Investment Banking & Brokerage,2024,2951000000.0,1411000000.0,-157000000.0,,SimFin annual CSV,,2025-02-18,ok
0001792044,VTRS,Viatris,Health Care,Pharmaceuticals,2024,14739300000.0,-634200000.0,2302900000.0,,SimFin annual CSV,,2025-02-27,ok
0001792789,DASH,DoorDash,Consumer Discretionary,Specialized Consumer Services,2024,10722000000.0,123000000.0,2132000000.0,,SimFin annual CSV,,2025-02-14,ok
0001811074,TPL,Texas Pacific Land Corporation,Energy,Oil & Gas Exploration & Production,2024,705823000.0,453960000.0,490672000.0,,SimFin annual CSV,,2025-02-19,ok
0001835632,MRVL,Marvell Technology,Information Technology,Semiconductors,2026,8194600000,2670100000,1750500000,22285300000,SEC Company Facts,0001835632-26-000011,2026-03-11,ok
0001841666,APA,APA Corporation,Energy,Oil & Gas Exploration & Production,2023,7973000000.0,2526000000.0,2929000000.0,,SimFin annual CSV,,2024-02-22,ok
0001858681,APO,Apollo Global Management,Financials,Asset Management & Custody Banks,2022,3551356000.0,933867000.0,697781000.0,,SimFin annual CSV,,2023-03-01,ok
0001868275,CEG,Constellation Energy,Utilities,Electric Utilities,2024,23568000000.0,3749000000.0,-2464000000.0,,SimFin annual CSV,,2025-02-18,ok
0001932393,GEHC,GE HealthCare,Health Care,Health Care Equipment,2024,19672000000.0,2108000000.0,1955000000.0,,SimFin annual CSV,,2025-02-13,ok
0001944048,KVUE,Kenvue,Consumer Staples,Personal Care Products,2024,15455000000.0,1030000000.0,1769000000.0,,SimFin annual CSV,,2025-02-24,ok
0001964738,SOLV,Solventum,Health Care,Health Care Technology,2025,8325000000,1556000000,369000000,14294000000,SEC Company Facts,0001964738-26-000007,2026-02-27,ok
0001967680,VLTO,Veralto,Industrials,Environmental & Facilities Services,2025,5503000000,940000000,1077000000,7693000000,SEC Company Facts,0001967680-26-000011,2026-02-20,ok
0001973266,TKO,TKO Group Holdings,Communication Services,Movies & Entertainment,2025,4735151000,195403000,1285725000,15495821000,SEC Company Facts,0001193125-26-071651,2026-02-25,ok
0001996810,GEV,GE Vernova,Industrials,Heavy Electrical Equipment,2025,38068000000,4884000000,4987000000,63016000000,SEC Company Facts,0001996810-26-000015,2026-01-29,ok
0001996862,BG,Bunge Global,Consumer Staples,Agricultural Products & Services,2022,67232000000.0,1610000000.0,-5874000000.0,,SimFin annual CSV,,2023-02-24,ok
0002005951,SW,Smurfit Westrock,Materials,Paper & Plastic Packaging Products & Materials,2025,31179000000,699000000,3392000000,45157000000,SEC Company Facts,0001628280-26-012555,2026-02-27,ok
0002011641,FERG,Ferguson Enterprises,Industrials,Trading Companies & Distributors,2025,30762000000,1856000000,1908000000,17729000000,SEC Company Facts,0002011641-25-000027,2025-09-26,ok
0002012383,BLK,BlackRock,Financials,Asset Management & Custody Banks,2023,17859000000.0,5502000000.0,4165000000.0,,SimFin annual CSV,,2024-02-23,ok
0002023554,SNDK,Sandisk,Information Technology,"Technology Hardware, Storage & Peripherals",2025,7355000000.0,-1641000000.0,84000000.0,,SimFin annual CSV,,2025-08-21,ok
0002041610,PSKY,Paramount Skydance Corporation,Communication Services,Movies & Entertainment,2025,29213000000,-6190000000,752000000,43342000000,SEC Company Facts,0002041610-26-000011,2026-02-25,ok
0002058873,Q,Qnity Electronics,Information Technology,Semiconductor Materials & Equipment,2025,4754000000,729000000,1273000000,14070000000,SEC Company Facts,0002058873-26-000010,2026-02-26,ok
0002082247,FDXF,FedEx Freight,Industrials,Cargo Ground Transportation,2026,8795000000,655000000,167000000,6884000000,SEC Company Facts,0001628280-26-053359,2026-08-05,ok
0002089271,HONA,Honeywell Aerospace,Industrials,Aerospace & Defense,2026,8874000000,880000000,346000000,19371000000,SEC Company Facts (latest quarterly fallback),0002089271-26-000021,2026-08-05,ok
0002115436,XOM,ExxonMobil,Energy,Integrated Oil & Gas,2024,343391000000.0,33680000000.0,55022000000.0,,SimFin annual CSV,,2025-02-19,ok
