ticker,company,sector,industry,years_found,latest_fiscal_year,latest_fcf_usd,latest_fcf_margin,average_fcf_usd,average_fcf_margin,status
MMM,3M,Industrials,Industrial Conglomerates,3,2024,699000000.0,0.02844354018311292,3308333333.3333335,0.1311981387433629,ok
AOS,A. O. Smith,Industrials,Building Products,3,2024,473800000.0,0.12409313532909039,464200000.0,0.12158825711714556,ok
ABT,Abbott Laboratories,Health Care,Health Care Equipment,3,2024,6351000000.0,0.15139451728247913,6404666666.666667,0.15209977292580498,ok
ABBV,AbbVie,Health Care,Biotechnology,3,2024,17832000000.0,0.31654063265523485,21380666666.666668,0.38012814208168305,ok
ACN,Accenture,Information Technology,IT Consulting & Other Services,3,2025,10874360000.0,0.15607715456166024,9494991333.333334,0.14304621398297426,ok
ADBE,Adobe Inc.,Information Technology,Application Software,3,2024,7873000000.0,0.36610090676586843,7403666666.666667,0.38128469719645874,ok
AMD,Advanced Micro Devices,Information Technology,Semiconductors,3,2024,2405000000.0,0.09327128175295715,2213666666.6666665,0.09156134077085197,ok
A,Agilent Technologies,Health Care,Life Sciences Tools & Services,3,2024,1373000000.0,0.2109062980030722,1289333333.3333333,0.19190625468864184,ok
APD,Air Products,Materials,Industrial Gases,3,2024,-1271200000.0,-0.10505264201775119,-792066666.6666666,-0.06430998315082218,ok
ABNB,Airbnb,Consumer Discretionary,"Hotels, Resorts & Cruise Lines",1,2020,-777000000.0,-0.23001776198934282,-777000000.0,-0.23001776198934282,partial data
AKAM,Akamai Technologies,Information Technology,Internet Services & Infrastructure,3,2024,1132711000.0,0.2838043900933261,1014820000.0,0.2666244062032301,ok
ALB,Albemarle Corporation,Materials,Specialty Chemicals,3,2024,-963551000.0,-0.17918109554467984,-381769000.0,-0.05899823549250294,ok
ARE,Alexandria Real Estate Equities,Real Estate,Office REITs,3,2024,53406000.0,0.01713711424165237,-1566956333.3333333,-0.5950524768197193,ok
ALGN,Align Technology,Health Care,Health Care Supplies,3,2024,622651000.0,0.155701208198425,502514333.3333333,0.1290877039195287,ok
ALLE,Allegion,Industrials,Building Products,3,2024,582900000.0,0.1545252107523461,498266666.6666667,0.13895047928180068,ok
LNT,Alliant Energy,Utilities,Electric Utilities,2,2021,-488000000.0,-0.13300626873807578,-640000000.0,-0.18242819291704726,partial data
GOOG,Alphabet Inc. (Class C),Communication Services,Interactive Media & Services,3,2024,72764000000.0,0.20788645155392008,67423000000.0,0.2153789363730263,ok
MO,Altria,Consumer Staples,Tobacco,3,2023,10504000000.0,0.4290323898215088,9140666666.666666,0.3639445517120763,ok
AMZN,Amazon,Consumer Discretionary,Broadline Retail,3,2024,38219000000.0,0.05990823861721521,21154333333.333332,0.03381542286971639,ok
AMCR,Amcor,Materials,Paper & Plastic Packaging Products & Materials,3,2025,828000000.0,0.05516689986008395,820333333.3333334,0.05695510988196545,ok
AEE,Ameren,Utilities,Multi-Utilities,3,2024,-1556000000.0,-0.2041191132100223,-1225666666.6666667,-0.15952913230051027,ok
AEP,American Electric Power,Utilities,Electric Utilities,3,2023,6198400000.0,0.3265357727988705,4818633333.333333,0.26039040400410746,ok
AXP,American Express,Financials,Consumer Finance,3,2024,12139000000.0,0.18491324813015064,16119666666.666666,0.2767943666806866,ok
AMT,American Tower,Real Estate,Telecom Tower REITs,2,2021,3443200000.0,0.36798512327800875,3146450000.0,0.3611796535994595,partial data
AWK,American Water Works,Utilities,Water Utilities,3,2024,-963000000.0,-0.2055935098206661,-842333333.3333334,-0.1981217125106801,ok
AMP,Ameriprise Financial,Financials,Asset Management & Custody Banks,3,2024,6419000000.0,0.3580832310610287,5048333333.333333,0.3108238850981585,ok
AME,Ametek,Industrials,Electrical Components & Equipment,3,2024,1706019000.0,0.24578227333104746,1442689333.3333333,0.21816396960728515,ok
AMGN,Amgen,Health Care,Biotechnology,3,2024,10394000000.0,0.31097415031115366,8846000000.0,0.3019209078945652,ok
APH,Amphenol,Information Technology,Electronic Components,3,2024,2157100000.0,0.14170285166232008,2037800000.0,0.15201788721467943,ok
ADI,Analog Devices,Information Technology,Semiconductors,3,2024,3122066000.0,0.33117789382313245,3484777000.0,0.31149212841712454,ok
AON,Aon plc,Financials,Insurance Brokers,3,2024,2817000000.0,0.17944961141546695,3007666666.6666665,0.21988670102658014,ok
APA,APA Corporation,Energy,Oil & Gas Exploration & Production,3,2023,1007000000.0,0.12630126677536685,2638333333.3333335,0.2850094894274731,ok
APO,Apollo Global Management,Financials,Asset Management & Custody Banks,3,2022,495256000.0,0.13945546433531306,1305901666.6666667,0.34367746142116434,ok
AAPL,Apple Inc.,Information Technology,"Technology Hardware, Storage & Peripherals",3,2024,108807000000.0,0.27825386474356517,106611333333.33333,0.2735619841801209,ok
AMAT,Applied Materials,Information Technology,Semiconductor Materials & Equipment,3,2024,7487000000.0,0.2755004415660877,6564333333.333333,0.2469154809252668,ok
APP,AppLovin,Communication Services,Advertising,3,2024,2073458000.0,0.6431205642082122,1174830666.6666667,0.448579324496344,ok
APTV,Aptiv,Consumer Discretionary,Automotive Parts & Equipment,3,2024,1622000000.0,0.08228072845330492,1014000000.0,0.0520708279322885,ok
ADM,Archer Daniels Midland,Consumer Staples,Agricultural Products & Services,3,2024,1227000000.0,0.014345843563661873,2117333333.3333333,0.022393358530060085,ok
ARES,Ares Management,Financials,Asset Management & Custody Banks,1,2020,-441601000.0,-0.2503341749591564,-441601000.0,-0.2503341749591564,partial data
ANET,Arista Networks,Information Technology,Communications Equipment,3,2024,3676200000.0,0.5249389556053747,2041323000.0,0.3228156915002421,ok
AJG,Arthur J. Gallagher & Co.,Financials,Insurance Brokers,3,2024,2441000000.0,0.211250540891389,1828766666.6666667,0.17831047030949362,ok
AIZ,Assurant,Financials,Multi-line Insurance,3,2024,1111400000.0,0.09357187960429383,826700000.0,0.0733702791008169,ok
T,AT&T,Communication Services,Integrated Telecommunication Services,3,2024,18583000000.0,0.15190132095213182,18500333333.333332,0.15177330637124442,ok
ATO,Atmos Energy,Utilities,Gas Utilities,3,2024,-1203378000.0,-0.28891331889780697,-672148000.0,-0.1617019843943616,ok
ADSK,Autodesk,Information Technology,Application Software,3,2024,1505000000.0,0.24547382156255096,1594000000.0,0.29260994094901954,ok
ADP,Automatic Data Processing,Industrials,Human Resource & Employment Services,3,2025,4403500000.0,0.2141686404778001,3887333333.3333335,0.20155938374735807,ok
AZO,AutoZone,Consumer Discretionary,Automotive Retail,3,2025,1790080000.0,0.0945196023574353,1955210333.3333333,0.10726590965821255,ok
AVY,Avery Dennison,Materials,Paper & Plastic Packaging Products & Materials,3,2024,730600000.0,0.08344278584236554,659166666.6666666,0.07546652323918167,ok
AXON,Axon Enterprise,Industrials,Aerospace & Defense,3,2024,329581000.0,0.1582602089961902,212743666.66666666,0.1307422794555311,ok
BKR,Baker Hughes,Energy,Oil & Gas Equipment & Services,3,2024,2257000000.0,0.08110244708757051,1806333333.3333333,0.0713566197932456,ok
BALL,Ball Corporation,Materials,"Metal, Glass & Plastic Containers",3,2024,-369000000.0,-0.03128444256040695,-300333333.3333333,-0.021475128023484096,ok
BAX,Baxter International,Health Care,Health Care Equipment,3,2024,587000000.0,0.05518992102294096,1889000000.0,0.18328533015012352,ok
BDX,Becton Dickinson,Health Care,Health Care Equipment,3,2024,3118000000.0,0.15452472990385568,2243666666.6666665,0.11436227319446197,ok
BBY,Best Buy,Consumer Discretionary,Computer & Electronics Retail,3,2024,1392000000.0,0.0335195530726257,987000000.0,0.022787875081082345,ok
TECH,Bio-Techne,Health Care,Life Sciences Tools & Services,3,2025,258997000.0,0.21235615573511749,243024666.66666666,0.20729803567590036,ok
BIIB,Biogen,Health Care,Biotechnology,3,2024,2810400000.0,0.2904536012153908,1935733333.3333333,0.1964379397939632,ok
BLK,BlackRock,Financials,Asset Management & Custody Banks,3,2023,3821000000.0,0.21395374881012375,4282333333.3333335,0.2330028176936261,ok
BX,Blackstone Inc.,Financials,Asset Management & Custody Banks,3,2024,1507441000.0,0.1139413942648992,1374174666.6666667,0.14431171406293075,ok
BA,Boeing,Industrials,Aerospace & Defense,3,2022,2325000000.0,0.03490571703098727,-1996000000.0,-0.04022874514217493,ok
BKNG,Booking Holdings,Consumer Discretionary,"Hotels, Resorts & Cruise Lines",3,2024,8370000000.0,0.3525843548590926,7297000000.0,0.35448848709964426,ok
BSX,Boston Scientific,Health Care,Health Care Equipment,3,2024,2644000000.0,0.15787902310861646,1796333333.3333333,0.11961678046287232,ok
BMY,Bristol Myers Squibb,Health Care,Pharmaceuticals,3,2024,13318000000.0,0.2757349896480331,13064666666.666666,0.28123690324422584,ok
AVGO,Broadcom,Information Technology,Semiconductors,3,2024,19414000000.0,0.37642998410051576,17786333333.333332,0.45333050854522555,ok
BR,Broadridge Financial Solutions,Industrials,Data Processing & Outsourced Services,3,2025,1127500000.0,0.16366433931863378,970400000.0,0.1488891704367774,ok
BRO,Brown & Brown,Financials,Insurance Brokers,3,2024,1353000000.0,0.28158168574401665,1159666666.6666667,0.27365747664217094,ok
BLDR,Builders FirstSource,Industrials,Building Products,3,2024,1506117000.0,0.0918336474296015,2217711666.6666665,0.11516890829692605,ok
BG,Bunge Global,Consumer Staples,Agricultural Products & Services,3,2022,-5921000000.0,-0.08806818181818182,-4079333333.3333335,-0.07401918469797739,ok
BXP,"BXP, Inc.",Real Estate,Office REITs,3,2024,100412000.0,0.029466044588770376,538448000.0,0.17068085999917795,ok
CHRW,C.H. Robinson,Industrials,Air Freight & Logistics,3,2024,625538000.0,0.03529137110410881,1023896000.0,0.04732215443089577,ok
CDNS,Cadence Design Systems,Information Technology,Application Software,3,2024,1118009000.0,0.24088459523095432,1160787000.0,0.2864996672565875,ok
CPT,Camden Property Trust,Real Estate,Multi-Family Residential REITs,2,2021,-230521000.0,-0.19973798150447486,-68848000.0,-0.05540563105144123,partial data
COF,Capital One,Financials,Consumer Finance,3,2024,16955000000.0,0.4334986704847617,16481333333.333334,0.44752952013976693,ok
CAH,Cardinal Health,Health Care,Health Care Distributors,3,2025,1850000000.0,0.008311692979539757,2488000000.0,0.011390737360812036,ok
CCL,Carnival Corporation,Consumer Discretionary,"Hotels, Resorts & Cruise Lines",3,2024,1354000000.0,0.05411454378322209,-1282666666.6666667,-0.1404267929418599,ok
CARR,Carrier Global,Industrials,Building Products,3,2022,1426000000.0,0.08248496066635817,1566333333.3333333,0.08445870742448601,ok
CVNA,Carvana,Consumer Discretionary,Automotive Retail,3,2024,-8155000000.0,-0.5964309222555401,-7475333333.333333,-0.587103512408557,ok
CASY,Casey's,Consumer Staples,Food Retail,3,2024,397629000.0,0.026753100149344882,450833000.0,0.031948349004632816,ok
CAT,Caterpillar Inc.,Industrials,Construction Machinery & Heavy Transportation Equipment,3,2024,9542000000.0,0.14723263744233053,8704333333.333334,0.13527535111881225,ok
CBOE,Cboe Global Markets,Financials,Financial Exchanges & Data,3,2024,1043800000.0,0.25492734155574553,652733333.3333334,0.1662326137234373,ok
CBRE,CBRE Group,Real Estate,Real Estate Services,3,2024,1361000000.0,0.038051835490815554,-3978666666.6666665,-0.131040299653722,ok
CDW,CDW Corporation,Information Technology,Technology Distributors,3,2024,1154700000.0,0.05498911837399458,1299300000.0,0.05909268202323217,ok
COR,Cencora,Health Care,Health Care Distributors,3,2024,2997512000.0,0.010197054994128612,2885752333.3333335,0.010872320608246564,ok
CNC,Centene Corporation,Health Care,Managed Health Care,3,2024,-490000000.0,-0.0030048261186844992,4007000000.0,0.026822723132618045,ok
CNP,CenterPoint Energy,Utilities,Multi-Utilities,3,2024,-2374000000.0,-0.2746731458984149,-1835666666.6666667,-0.20494544170794918,ok
CF,CF Industries,Materials,Fertilizers & Agricultural Chemicals,3,2024,1756000000.0,0.29582210242587603,2556666666.6666665,0.3210808070640218,ok
CRL,Charles River Laboratories,Health Care,Life Sciences Tools & Services,3,2024,501610000.0,0.12385465738302005,387295666.6666667,0.09550176418673118,ok
SCHW,Charles Schwab Corporation,Financials,Investment Banking & Brokerage,3,2024,2050000000.0,0.10455982862389064,7341000000.0,0.3865070928710153,ok
CHTR,Charter Communications,Communication Services,Cable & Satellite,3,2024,3161000000.0,0.057384042842879186,4009333333.3333335,0.07362096503625734,ok
CVX,Chevron Corporation,Energy,Integrated Oil & Gas,3,2024,22748000000.0,0.11761299595685938,27820000000.0,0.12832137625201215,ok
CMG,Chipotle Mexican Grill,Consumer Discretionary,Restaurants,3,2024,1531586000.0,0.13537262681422502,1199449000.0,0.11899482135749878,ok
CHD,Church & Dwight,Consumer Staples,Household Products,3,2024,968200000.0,0.15853678505346236,824133333.3333334,0.14196847528473705,ok
CIEN,Ciena,Information Technology,Communications Equipment,3,2024,377891000.0,0.09412085565093507,60484000.0,0.012368473898220279,ok
CI,Cigna,Health Care,Health Care Services,3,2024,8957000000.0,0.03624540205000789,8852666666.666666,0.04315468428556144,ok
CINF,Cincinnati Financial,Financials,Property & Casualty Insurance,3,2024,2627000000.0,0.23171914968686602,2232666666.6666665,0.24841047508816602,ok
CTAS,Cintas,Industrials,Diversified Support Services,3,2025,1780993000.0,0.1722400217172214,1565047666.6666667,0.16249624867652399,ok
CSCO,Cisco,Information Technology,Communications Equipment,3,2025,13288000000.0,0.23454654569845024,14178333333.333334,0.252769030279231,ok
C,Citigroup,Financials,Diversified Banks,3,2024,-25949000000.0,-0.3198092162831684,-27069000000.0,-0.3370091243745059,ok
CFG,Citizens Financial Group,Financials,Regional Banks,3,2022,3993000000.0,0.4978182271537215,2045666666.6666667,0.27346970089225836,ok
CLX,Clorox,Consumer Staples,Household Products,3,2024,483000000.0,0.06809530523050895,649333333.3333334,0.08974532308149752,ok
CME,CME Group,Financials,Financial Exchanges & Data,3,2024,3596500000.0,0.5866951599484511,3313400000.0,0.5943501222529476,ok
CMS,CMS Energy,Utilities,Multi-Utilities,3,2023,41000000.0,0.005494505494505495,-522000000.0,-0.0622071535243651,ok
KO,Coca-Cola Company (The),Consumer Staples,Soft Drinks & Non-alcoholic Beverages,3,2024,4781000000.0,0.10159155139074817,8070333333.333333,0.17989459392928922,ok
CTSH,Cognizant,Information Technology,IT Consulting & Other Services,3,2024,1827000000.0,0.0925719497365221,2025333333.3333333,0.10389281716401039,ok
COHR,Coherent Corp.,Information Technology,Electronic Components,1,2021,-6416000.0,-0.00431337010275179,-6416000.0,-0.00431337010275179,partial data
COIN,Coinbase,Financials,Financial Exchanges & Data,1,2020,274746000.0,0.215068560706578,274746000.0,0.215068560706578,partial data
CL,Colgate-Palmolive,Consumer Staples,Household Products,3,2024,3546000000.0,0.1764091338739366,2831000000.0,0.14626337867202868,ok
CMCSA,Comcast,Communication Services,Cable & Satellite,3,2024,12544000000.0,0.10138122216744389,12717000000.0,0.10404593971344826,ok
FIX,Comfort Systems USA,Industrials,Construction & Engineering,3,2024,743524000.0,0.10580242465431401,516745000.0,0.091134227898214,ok
COP,ConocoPhillips,Energy,Oil & Gas Exploration & Production,3,2024,8267000000.0,0.1452848757512917,13080666666.666666,0.19074872207745477,ok
ED,Consolidated Edison,Utilities,Multi-Utilities,2,2023,-2154000000.0,-0.15983971504897596,-1190000000.0,-0.0871310891773278,partial data
STZ,Constellation Brands,Consumer Staples,Distillers & Vintners,3,2024,1973600000.0,0.19332530096878153,1744866666.6666667,0.17667369362074506,ok
CEG,Constellation Energy,Utilities,Electric Utilities,3,2024,976000000.0,0.041412084181941616,-305666666.6666667,-0.011516938512221351,ok
COO,Cooper Companies (The),Health Care,Health Care Supplies,3,2024,288100000.0,0.07395902859783335,317833333.3333333,0.08997752918047663,ok
CPRT,Copart,Industrials,Diversified Support Services,3,2025,1262591000.0,0.27170269238499684,1036608000.0,0.2424822317667155,ok
GLW,Corning Inc.,Information Technology,Electronic Components,3,2024,733000000.0,0.05587742033846623,823000000.0,0.06157477780629648,ok
CTVA,Corteva,Materials,Fertilizers & Agricultural Chemicals,3,2024,1548000000.0,0.09155429382540808,996333333.3333334,0.05833452092346173,ok
CSGP,CoStar Group,Real Estate,Real Estate Services,3,2024,-245000000.0,-0.089546783625731,149566666.66666666,0.07022482638770644,ok
COST,Costco,Consumer Staples,Consumer Staples Merchandise Retail,3,2025,7837000000.0,0.028473849619416135,7070333333.333333,0.027454784218733253,ok
CRH,CRH plc,Materials,Construction Materials,3,2024,2727000000.0,0.07666141909366918,2834333333.3333335,0.0822189091334432,ok
CRWD,CrowdStrike,Information Technology,Systems Software,3,2024,1126875000.0,0.2850233102591445,936364000.0,0.306413223588395,ok
CCI,Crown Castle,Real Estate,Telecom Tower REITs,3,2022,1568000000.0,0.22444889779559118,1519666666.6666667,0.23851330890177283,ok
CSX,CSX Corporation,Industrials,Rail Transportation,3,2024,2784000000.0,0.19147180192572213,3278666666.6666665,0.2230898700449433,ok
CMI,Cummins,Industrials,Construction Machinery & Heavy Transportation Equipment,3,2024,179000000.0,0.005248959005336931,1210000000.0,0.03770265180771721,ok
CVS,CVS Health,Health Care,Health Care Services,3,2024,6326000000.0,0.016968474473523978,10057000000.0,0.029244220331689764,ok
DHR,Danaher Corporation,Health Care,Life Sciences Tools & Services,3,2024,5309000000.0,0.22236649214659687,6170666666.666667,0.24765824041835974,ok
DRI,Darden Restaurants,Consumer Discretionary,Restaurants,3,2023,1013300000.0,0.09661702168233567,951700000.0,0.10700956032486475,ok
DDOG,Datadog,Information Technology,Application Software,3,2024,835884000.0,0.3114002849931546,617132666.6666666,0.27908193311509877,ok
DVA,DaVita,Health Care,Health Care Services,3,2024,1466595000.0,0.11443870922434074,1306260666.6666667,0.10668150543325562,ok
DECK,Deckers Brands,Consumer Discretionary,Footwear,3,2024,1035169000.0,0.2076312797706681,788064000.0,0.1789901698210619,ok
DE,Deere & Company,Industrials,Agricultural & Farm Machinery,3,2024,9520000000.0,0.18408229561451,8083333333.333333,0.1466025861580601,ok
DELL,Dell Technologies,Information Technology,"Technology Hardware, Storage & Peripherals",3,2024,1869000000.0,0.019556960038507015,2783666666.6666665,0.030666648205580144,ok
DAL,Delta Air Lines,Industrials,Passenger Airlines,3,2024,6799000000.0,0.11029638401765002,5359000000.0,0.09385056215491706,ok
DVN,Devon Energy,Energy,Oil & Gas Exploration & Production,3,2024,-829000000.0,-0.05200752823086575,1746000000.0,0.09985579127341511,ok
DXCM,Dexcom,Health Care,Health Care Equipment,3,2024,630700000.0,0.15638482519216465,482433333.3333333,0.13413965910592715,ok
FANG,Diamondback Energy,Energy,Oil & Gas Exploration & Production,3,2024,-4907000000.0,-0.44343032712814023,248333333.33333334,0.060782744758582495,ok
DLR,Digital Realty,Real Estate,Data Center REITs,3,2024,4026312000.0,0.7248128162034416,3403941666.6666665,0.6377217222056528,ok
DG,Dollar General,Consumer Staples,Consumer Staples Merchandise Retail,3,2024,1689737000.0,0.04160652480031423,938907000.0,0.02366069060516093,ok
DLTR,Dollar Tree,Consumer Staples,Consumer Staples Merchandise Retail,3,2024,-4222300000.0,-0.24019683135648662,-2172300000.0,-0.12559453145783345,ok
D,Dominion Energy,Utilities,Multi-Utilities,3,2022,-3079000000.0,-0.22090687329602526,-2069000000.0,-0.15868513451439928,ok
DPZ,Domino's,Consumer Discretionary,Restaurants,3,2024,512086000.0,0.10880593640681147,475629000.0,0.10393709778271117,ok
DASH,DoorDash,Consumer Discretionary,Specialized Consumer Services,3,2024,2028000000.0,0.18914381645215445,1256333333.3333333,0.13255332346184126,ok
DOV,Dover Corporation,Industrials,Industrial Machinery & Supplies & Components,3,2024,920300000.0,0.1188111040292366,830704000.0,0.10731191197503089,ok
DOW,Dow Inc.,Materials,Commodity Chemicals,3,2024,-1000000.0,-2.3275300251373243e-05,2750333333.3333335,0.05277086199830891,ok
DHI,D. R. Horton,Consumer Discretionary,Homebuilding,3,2024,2043900000.0,0.055538647986217916,2221666666.6666665,0.062181925279671896,ok
DTE,DTE Energy,Utilities,Multi-Utilities,2,2021,3070000000.0,0.20515904838278534,3390000000.0,0.26497119012853704,partial data
DUK,Duke Energy,Utilities,Electric Utilities,3,2024,97000000.0,0.0031953091543960206,-2612333333.3333335,-0.09056571185822121,ok
ETN,Eaton Corporation,Industrials,Electrical Components & Equipment,3,2024,3534000000.0,0.1420532197121955,2821666666.6666665,0.12169059703179069,ok
EBAY,eBay Inc.,Consumer Discretionary,Broadline Retail,3,2024,1956000000.0,0.19021686278323446,1910333333.3333333,0.1897708644860918,ok
ECHO,EchoStar,Communication Services,Wireless Telecommunication Services,1,2020,42182000.0,0.016795440202427618,42182000.0,0.016795440202427618,partial data
ECL,Ecolab,Materials,Specialty Chemicals,3,2024,1830700000.0,0.11629842326603733,1518466666.6666667,0.09992123182820906,ok
EIX,Edison International,Utilities,Electric Utilities,3,2022,-2439000000.0,-0.1416376306620209,-3916333333.3333335,-0.2646457357222682,ok
EW,Edwards Lifesciences,Health Care,Health Care Equipment,3,2024,281300000.0,0.05171431197720379,642600000.0,0.1349674660568029,ok
ELV,Elevance Health,Health Care,Managed Health Care,2,2021,7277000000.0,0.05248883791718059,8472000000.0,0.06590650959838615,partial data
EME,Emcor,Industrials,Construction & Engineering,3,2024,1335229000.0,0.09166678337588414,875024333.3333334,0.06636600060230577,ok
EMR,Emerson Electric,Industrials,Electrical Components & Equipment,3,2024,6349000000.0,0.36296592728104277,7329333333.333333,0.47088458088357293,ok
ETR,Entergy,Utilities,Electric Utilities,3,2024,-1171763000.0,-0.09863613019673217,-1313401666.6666667,-0.10050780815145012,ok
EOG,EOG Resources,Energy,Oil & Gas Exploration & Production,3,2022,6442000000.0,0.25064197338728506,4449666666.666667,0.22844992573728715,ok
EQT,EQT Corporation,Energy,Oil & Gas Exploration & Production,3,2024,1086499000.0,0.20603742356080404,3264420333.3333335,0.45863644835939504,ok
EFX,Equifax,Industrials,Research & Consulting Services,3,2024,813000000.0,0.14310608860960025,487033333.3333333,0.08896680491121996,ok
EQIX,Equinix,Real Estate,Data Center REITs,3,2024,104000000.0,0.01188843164151806,120666666.66666667,0.015134816796297869,ok
ERIE,Erie Indemnity,Financials,Insurance Brokers,2,2024,486404000.0,0.12586873685912986,387481000.0,0.10668301150875331,partial data
ESS,Essex Property Trust,Real Estate,Multi-Family Residential REITs,3,2024,1105750000.0,0.6231508354701457,936797333.3333334,0.5546673413677293,ok
EL,Estée Lauder Companies (The),Consumer Staples,Personal Care Products,3,2025,673000000.0,0.04697752338405696,185333333.33333334,0.013792046525005259,ok
EVRG,Evergy,Utilities,Electric Utilities,3,2024,-352900000.0,-0.06035264139004327,-357100000.0,-0.06227071266986125,ok
ES,Eversource Energy,Utilities,Electric Utilities,3,2024,-2320792000.0,-0.19501128032556442,-2017346333.3333333,-0.1685293327947044,ok
EXC,Exelon,Utilities,Electric Utilities,3,2023,-2680000000.0,-0.12334882864638469,-3038000000.0,-0.15770038866581448,ok
EXE,Expand Energy,Energy,Oil & Gas Exploration & Production,3,2024,29000000.0,0.006847697756788666,1940666666.6666667,0.19705583097502433,ok
EXPE,Expedia Group,Consumer Discretionary,"Hotels, Resorts & Cruise Lines",3,2024,2329000000.0,0.17011175224600103,2317000000.0,0.18394804259792863,ok
EXPD,Expeditors International,Industrials,Air Freight & Logistics,3,2024,682895000.0,0.06442092671912639,1246541000.0,0.09770153168635647,ok
EXR,Extra Space Storage,Real Estate,Self-Storage REITs,3,2024,1233205000.0,0.3786435698710001,721189000.0,0.2450476499011163,ok
XOM,ExxonMobil,Energy,Integrated Oil & Gas,3,2024,30716000000.0,0.08944905370263052,40852000000.0,0.11117543231612119,ok
FFIV,"F5, Inc.",Information Technology,Communications Equipment,3,2024,762007000.0,0.2705875459852563,590079666.6666666,0.21177073566617188,ok
FDS,FactSet,Financials,Financial Exchanges & Data,3,2025,617454000.0,0.2659435907772937,605632666.6666666,0.27511687969637005,ok
FICO,Fair Isaac,Information Technology,Application Software,3,2024,624080000.0,0.3633598559788906,530726333.3333333,0.3452971165293446,ok
FAST,Fastenal,Industrials,Trading Companies & Distributors,3,2024,945300000.0,0.1252716671084018,997666666.6666666,0.13650382155979895,ok
FRT,Federal Realty Investment Trust,Real Estate,Retail REITs,3,2024,153804000.0,0.12790864001224164,53876000.0,0.04169862635270091,ok
FDX,FedEx,Industrials,Air Freight & Logistics,3,2024,3250000000.0,0.03706111092105413,3057000000.0,0.033825801815799215,ok
FIS,Fidelity National Information Services,Financials,Transaction & Payment Processing Services,3,2022,1452000000.0,0.14938271604938272,3373666666.6666665,0.3210324110683586,ok
FITB,Fifth Third Bancorp,Financials,Regional Banks,3,2024,2439000000.0,0.2876518457365255,4173666666.6666665,0.49106950906305374,ok
FSLR,First Solar,Information Technology,Semiconductors,3,2024,-308077000.0,-0.07324199549769404,-374276000.0,-0.10706156558155489,ok
FE,FirstEnergy,Utilities,Electric Utilities,3,2022,-331000000.0,-0.02656714021992134,-401666666.6666667,-0.036197696946538176,ok
FLEX,Flex Ltd.,Information Technology,Electronic Manufacturing Services,3,2024,1082000000.0,0.04191686359586255,746000000.0,0.02825041667937585,ok
FTNT,Fortinet,Information Technology,Systems Software,3,2024,1879200000.0,0.3155243628060042,1686666666.6666667,0.32333985806087107,ok
FTV,Fortive,Industrials,Industrial Machinery & Supplies & Components,3,2024,1440700000.0,0.35303486975912174,1307700000.0,0.29535032043116655,ok
FOX,Fox Corporation (Class B),Communication Services,Broadcasting,3,2025,2993000000.0,0.1836196319018405,1977000000.0,0.12910644349901343,ok
BEN,Franklin Resources,Financials,Asset Management & Custody Banks,3,2024,969300000.0,0.1143312101910828,640300000.0,0.07740277550749004,ok
FCX,Freeport-McMoRan,Materials,Copper,3,2024,2727000000.0,0.10713022981732469,1771333333.3333333,0.07353346817355147,ok
GRMN,Garmin,Consumer Discretionary,Consumer Electronics,3,2024,1238900000.0,0.19674751222942452,988538000.0,0.17829688076011138,ok
IT,Gartner,Information Technology,IT Consulting & Other Services,3,2024,1383185000.0,0.2206947972615806,1143056666.6666667,0.19343448784100523,ok
GE,GE Aerospace,Industrials,Aerospace & Defense,3,2024,3791000000.0,0.09795359412950236,4528333333.333333,0.13587176648890173,ok
GEHC,GE HealthCare,Health Care,Health Care Equipment,1,2024,1554000000.0,0.07899552663684424,1554000000.0,0.07899552663684424,partial data
GEN,Gen Digital,Information Technology,Systems Software,3,2024,1206000000.0,0.3064803049555273,1342000000.0,0.35912113175196464,ok
GNRC,Generac,Industrials,Heavy Electrical Equipment,3,2024,604779000.0,0.14078267456330948,324896666.6666667,0.07783163651840805,ok
GD,General Dynamics,Industrials,Aerospace & Defense,3,2024,3196000000.0,0.06697962947439014,3609666666.6666665,0.08471010429746606,ok
GIS,General Mills,Consumer Staples,Packaged Foods & Meats,3,2025,2294000000.0,0.11772192173083042,2304566666.6666665,0.11637546464728699,ok
GM,General Motors,Consumer Discretionary,Automobile Manufacturers,3,2024,4909000000.0,0.02618943459843578,7783666666.666667,0.046202313194107315,ok
GPC,Genuine Parts Company,Consumer Discretionary,Distributors,3,2024,806344000.0,0.03433213254775527,1008908000.0,0.04432398821873925,ok
GILD,Gilead Sciences,Health Care,Biotechnology,3,2024,10305000000.0,0.35838492035890657,8689666666.666666,0.3126259970551133,ok
GPN,Global Payments,Financials,Transaction & Payment Processing Services,3,2024,2382666000.0,0.3079983505623729,1967572333.3333333,0.24858477700324766,ok
GL,Globe Life,Financials,Life & Health Insurance,3,2024,1331395000.0,0.23042213583811477,1386177333.3333333,0.25340321192908394,ok
GDDY,GoDaddy,Information Technology,Internet Services & Infrastructure,3,2024,1261100000.0,0.2757587684772151,1050300000.0,0.24286358048717702,ok
GS,Goldman Sachs,Financials,Investment Banking & Brokerage,3,2024,-13690000000.0,-0.25583046793242636,-5883000000.0,-0.115103538587502,ok
HAL,Halliburton,Energy,Oil & Gas Equipment & Services,3,2024,2646000000.0,0.11532426778242678,2117000000.0,0.0948731824435654,ok
HIG,Hartford (The),Financials,Property & Casualty Insurance,1,2022,3833000000.0,0.17140685090779,3833000000.0,0.17140685090779,partial data
HAS,Hasbro,Consumer Discretionary,Leisure Products,3,2024,709000000.0,0.17144238907024545,511833333.3333333,0.10954341117669215,ok
HCA,HCA Healthcare,Health Care,Health Care Facilities,3,2024,5639000000.0,0.0798691273741909,4817666666.666667,0.07350986477336977,ok
DOC,Healthpeak Properties,Real Estate,Health Care REITs,3,2023,190600000.0,0.3507138480448531,325000.0,-0.042705379031316104,ok
HSIC,Henry Schein,Health Care,Health Care Distributors,3,2023,353000000.0,0.02860847718615771,496666666.6666667,0.039833652969791425,ok
HSY,Hershey Company (The),Consumer Staples,Packaged Foods & Meats,3,2024,1925654000.0,0.17189866011894203,1762030333.3333333,0.1614900789033159,ok
HPE,Hewlett Packard Enterprise,Information Technology,"Technology Hardware, Storage & Peripherals",3,2024,2344000000.0,0.07780396322235868,2206333333.3333335,0.07537673857159921,ok
HLT,Hilton Worldwide,Consumer Discretionary,"Hotels, Resorts & Cruise Lines",3,2024,2030000000.0,0.4277286135693215,1928666666.6666667,0.3617778498534114,ok
HD,Home Depot (The),Consumer Discretionary,Home Improvement Retail,3,2024,16325000000.0,0.10234211417179684,15255666666.666666,0.09764199755943483,ok
HON,Honeywell Technologies,Industrials,Industrial Conglomerates,3,2024,738000000.0,0.02125759714261025,1727000000.0,0.04877840862808008,ok
HRL,Hormel Foods,Consumer Staples,Packaged Foods & Meats,3,2024,1010773000.0,0.08479072330482601,883671666.6666666,0.07275133091513036,ok
HST,Host Hotels & Resorts,Real Estate,Hotel & Resort REITs,3,2024,1210000000.0,0.21287825475017594,1229666666.6666667,0.2340669393500756,ok
HWM,Howmet Aerospace,Industrials,Aerospace & Defense,3,2024,986000000.0,0.13270524899057873,756000000.0,0.11377167896576079,ok
HPQ,HP Inc.,Information Technology,"Technology Hardware, Storage & Peripherals",3,2024,3157000000.0,0.058944341753953584,3277666666.6666665,0.05772146173282611,ok
HUBB,Hubbell Incorporated,Industrials,Industrial Machinery & Supplies & Components,3,2024,829000000.0,0.14728613307275473,681933333.3333334,0.12728655866500124,ok
HUM,Humana,Health Care,Managed Health Care,3,2024,2391000000.0,0.02032005575055028,2939333333.3333335,0.028491034998487288,ok
HBAN,Huntington Bancshares,Financials,Regional Banks,3,2024,1672000000.0,0.22640487474610696,2667333333.3333335,0.3646765320131022,ok
HII,Huntington Ingalls Industries,Industrials,Aerospace & Defense,3,2024,26000000.0,0.0022540095361941914,499333333.3333333,0.04527324286129569,ok
IBM,IBM,Information Technology,IT Consulting & Other Services,3,2024,12954000000.0,0.20642837792615493,11720333333.333334,0.18956141369689417,ok
IEX,IDEX Corporation,Industrials,Industrial Machinery & Supplies & Components,3,2024,603000000.0,0.1844713656387665,572833333.3333334,0.17650415427565855,ok
IDXX,Idexx Laboratories,Health Care,Health Care Equipment,3,2024,798079000.0,0.20476669170833436,651701333.3333334,0.17665378176642843,ok
ITW,Illinois Tool Works,Industrials,Industrial Machinery & Supplies & Components,3,2024,2857000000.0,0.17970813938860233,2638666666.6666665,0.16504234411736743,ok
INCY,Incyte,Health Care,Biotechnology,3,2024,235174000.0,0.055449650418735945,525427666.6666667,0.14658117695132122,ok
IR,Ingersoll Rand,Industrials,Industrial Machinery & Supplies & Components,2,2024,1253700000.0,0.17328265376641327,1266650000.0,0.17968825755611717,partial data
PODD,Insulet Corporation,Health Care,Health Care Equipment,3,2024,296400000.0,0.1430778142498552,98233333.33333333,0.04510070056008183,ok
INTC,Intel,Information Technology,Semiconductors,3,2024,-16834000000.0,-0.3170185118924314,-13508000000.0,-0.2431952293871301,ok
IBKR,Interactive Brokers,Financials,Investment Banking & Brokerage,3,2024,8675000000.0,1.6730954676952747,5689666666.666667,1.3266948716125555,ok
ICE,Intercontinental Exchange,Financials,Financial Exchanges & Data,3,2024,4203000000.0,0.3573675707847972,3628000000.0,0.3471087198773693,ok
IFF,International Flavors & Fragrances,Materials,Specialty Chemicals,3,2024,623000000.0,0.05424939045628701,500333333.3333333,0.04380553138303073,ok
IP,International Paper,Materials,Paper & Plastic Packaging Products & Materials,3,2024,848000000.0,0.05355225765708873,933333333.3333334,0.05210573214071349,ok
INTU,Intuit,Information Technology,Application Software,3,2025,5917000000.0,0.31421592055652914,5206000000.0,0.3181541074481858,ok
ISRG,Intuitive Surgical,Health Care,Health Care Equipment,3,2024,1303800000.0,0.15610445277235666,1003933333.3333334,0.13845129427837796,ok
IVZ,Invesco,Financials,Asset Management & Custody Banks,3,2024,1120900000.0,0.1847535849678589,922566666.6666666,0.15597665662502028,ok
INVH,Invitation Homes,Real Estate,Single-Family Residential REITs,3,2024,124472000.0,0.04752758938533194,287556666.6666667,0.12670487104259157,ok
IQV,IQVIA,Health Care,Life Sciences Tools & Services,3,2024,2139000000.0,0.13885102239532618,1741666666.6666667,0.11634008652953509,ok
IRM,Iron Mountain,Real Estate,Other Specialized REITs,3,2024,-576877000.0,-0.09380252618372077,-175417666.66666666,-0.027188342715250932,ok
JBHT,J.B. Hunt,Industrials,Cargo Ground Transportation,3,2024,808750000.0,0.06690960126096987,432713333.3333333,0.03381763509197064,ok
JBL,Jabil,Information Technology,Electronic Manufacturing Services,3,2025,1318000000.0,0.04422521978390712,1133000000.0,0.036772638541761625,ok
JKHY,Jack Henry & Associates,Financials,Transaction & Payment Processing Services,3,2023,370319000.0,0.17823489605342827,428554666.6666667,0.224478260237019,ok
J,Jacobs Solutions,Industrials,Construction & Engineering,3,2024,939746000.0,0.08171035743944778,711684333.3333334,0.06514999661134636,ok
JNJ,Johnson & Johnson,Health Care,Pharmaceuticals,3,2024,20517000000.0,0.23099267065221063,18950333333.333332,0.22370193183445675,ok
JCI,Johnson Controls,Industrials,Building Products,3,2024,1075000000.0,0.046836876960613456,1130666666.6666667,0.0512725709880631,ok
KVUE,Kenvue,Consumer Staples,Personal Care Products,3,2024,1329000000.0,0.08599158848269169,2066333333.3333333,0.13530815787765604,ok
KDP,Keurig Dr Pepper,Consumer Staples,Soft Drinks & Non-alcoholic Beverages,3,2024,1010000000.0,0.0657937593642108,823666666.6666666,0.05765436322930239,ok
KEY,KeyCorp,Financials,Regional Banks,3,2024,623000000.0,0.13620463489287277,2588666666.6666665,0.39122771443631094,ok
KEYS,Keysight Technologies,Information Technology,Electronic Equipment & Instruments,3,2024,898000000.0,0.18035750150632657,1022666666.6666666,0.19297575817978077,ok
KMB,Kimberly-Clark,Consumer Staples,Household Products,3,2024,2513000000.0,0.12528666866088345,2382000000.0,0.11773441253462645,ok
KMI,Kinder Morgan,Energy,Oil & Gas Storage & Transportation,3,2024,3006000000.0,0.1990728476821192,3508666666.6666665,0.2151830790985381,ok
KLAC,KLA Corporation,Information Technology,Semiconductor Materials & Equipment,3,2025,3746644000.0,0.3082094496601806,3368683000.0,0.31140682234061895,ok
KHC,Kraft Heinz,Consumer Staples,Packaged Foods & Meats,3,2024,3160000000.0,0.12226263251566974,2558666666.6666665,0.09737444018627318,ok
KR,Kroger,Consumer Staples,Food Retail,3,2024,2154000000.0,0.014640810750188618,2212333333.3333335,0.014879881991079098,ok
LHX,L3Harris,Industrials,Aerospace & Defense,3,2024,2151000000.0,0.1008675263774912,1906000000.0,0.09940404620778114,ok
LH,Labcorp,Health Care,Health Care Services,3,2024,1097900000.0,0.08439606730776622,1166866666.6666667,0.09503774743551736,ok
LRCX,Lam Research,Information Technology,Semiconductor Materials & Equipment,3,2025,5414078000.0,0.29367531531807145,4778625333.333333,0.2823054544016814,ok
LVS,Las Vegas Sands,Consumer Discretionary,Casinos & Gaming,3,2024,1625000000.0,0.14383076650734644,627666666.6666666,-0.027740164509755732,ok
LDOS,Leidos,Industrials,Diversified Support Services,2,2021,927000000.0,0.0643928869130314,1045000000.0,0.07948439986864875,partial data
LEN,Lennar,Consumer Discretionary,Homebuilding,3,2022,3233140000.0,0.09602147366532812,3336489666.6666665,0.126083906742083,ok
LII,Lennox International,Industrials,Building Products,3,2024,776900000.0,0.14545148184898807,497000000.0,0.09702122646253257,ok
LLY,Lilly (Eli),Health Care,Pharmaceuticals,3,2024,4361000000.0,0.09681859556423862,4194733333.3333335,0.12373322880647035,ok
LIN,Linde plc,Materials,Industrial Gases,3,2024,4926000000.0,0.1492501136191486,5378333333.333333,0.16259279403552337,ok
LYV,Live Nation Entertainment,Communication Services,Movies & Entertainment,3,2024,1077392000.0,0.04652830575724041,1149449666.6666667,0.05816082978381496,ok
LMT,Lockheed Martin,Industrials,Aerospace & Defense,3,2024,5796000000.0,0.08158439255099025,5895000000.0,0.08649914945339655,ok
L,Loews Corporation,Financials,Multi-line Insurance,3,2024,2393000000.0,0.13621357012750454,2756000000.0,0.17479587522132012,ok
LOW,Lowe's,Consumer Discretionary,Home Improvement Retail,3,2024,7803000000.0,0.09325477448191792,6945666666.666667,0.07849362422226264,ok
LULU,Lululemon Athletica,Consumer Discretionary,"Apparel, Accessories & Luxury Goods",3,2024,1583481000.0,0.1495525270477514,1185195333.3333333,0.12030260068575915,ok
LITE,Lumentum,Information Technology,Communications Equipment,3,2025,-104400000.0,-0.06346504559270516,-54766666.666666664,-0.038765519129272945,ok
LYB,LyondellBasell,Materials,Specialty Chemicals,3,2024,1781000000.0,0.05333293406001078,3202000000.0,0.08047864929964724,ok
MTB,M&T Bank,Financials,Regional Banks,3,2024,3394000000.0,0.365772173725617,3801000000.0,0.42575129507634246,ok
MPC,Marathon Petroleum,Energy,Oil & Gas Refining & Marketing,3,2024,6167000000.0,0.04392950763619786,10820333333.333334,0.06802235142138344,ok
MAR,Marriott International,Consumer Discretionary,"Hotels, Resorts & Cruise Lines",3,2024,2015000000.0,0.304472650347537,2278666666.6666665,0.28166344923143044,ok
MLM,Martin Marietta Materials,Materials,Construction Materials,3,2024,2764000000.0,0.4228886168910649,1755000000.0,0.2698586761220648,ok
MAS,Masco,Industrials,Building Products,3,2024,908000000.0,0.11599386816555952,987333333.3333334,0.12157806926025265,ok
MA,Mastercard,Financials,Transaction & Payment Processing Services,3,2024,14306000000.0,0.5078993148010083,12222666666.666666,0.48466985386641565,ok
MKC,McCormick & Company,Consumer Staples,Packaged Foods & Meats,3,2024,647000000.0,0.09622677989797285,674500000.0,0.10193666302999549,ok
MCD,McDonald's,Consumer Discretionary,Restaurants,3,2024,6435000000.0,0.2482638888888889,6235000000.0,0.24991735701908782,ok
MCK,McKesson Corporation,Health Care,Health Care Distributors,3,2024,5548000000.0,0.015451843888472669,4733333333.333333,0.015084922559433568,ok
MDT,Medtronic,Health Care,Health Care Equipment,3,2025,5185000000.0,0.15460536124280647,4988333333.333333,0.15398188694943069,ok
MRK,Merck & Co.,Health Care,Pharmaceuticals,3,2024,18812000000.0,0.2931679341727964,15483000000.0,0.2522269349878509,ok
META,Meta Platforms,Communication Services,Interactive Media & Services,3,2024,54072000000.0,0.3287031689776962,39143000000.0,0.2735953276618394,ok
MTD,Mettler Toledo,Health Care,Life Sciences Tools & Services,3,2024,866079000.0,0.2236565754070966,821896666.6666666,0.21312444656167973,ok
MGM,MGM Resorts,Consumer Discretionary,Casinos & Gaming,3,2024,1225085000.0,0.07105836851445241,1869199666.6666667,0.12435392322904364,ok
MCHP,Microchip Technology,Information Technology,Semiconductors,3,2024,772100000.0,0.17541348600508905,2171500000.0,0.29615058779341624,ok
MU,Micron Technology,Information Technology,Semiconductors,3,2025,1668000000.0,0.04462518058751137,-1442666666.6666667,-0.11472851921659101,ok
MSFT,Microsoft,Information Technology,Systems Software,3,2025,71611000000.0,0.2541884965427156,68385666666.666664,0.2790078716677378,ok
MAA,Mid-America Apartment Communities,Real Estate,Multi-Family Residential REITs,1,2020,541478000.0,0.32269556801495125,541478000.0,0.32269556801495125,partial data
MRNA,Moderna,Health Care,Biotechnology,3,2024,-4055000000.0,-1.2530902348578492,-1099666666.6666667,-0.5246113510494337,ok
TAP,Molson Coors Beverage Company,Consumer Staples,Brewers,3,2024,1260700000.0,0.10842865743527995,1183966666.6666667,0.10373338066638717,ok
MDLZ,Mondelez International,Consumer Staples,Packaged Foods & Meats,3,2024,3539000000.0,0.09711588595263576,3402333333.3333335,0.09813232630887957,ok
MPWR,Monolithic Power Systems,Information Technology,Semiconductors,3,2024,624117000.0,0.2827769471251869,464194333.3333333,0.23543676085920176,ok
MNST,Monster Beverage,Consumer Staples,Soft Drinks & Non-alcoholic Beverages,3,2024,1624831000.0,0.21685494525411303,1262413000.0,0.17738802207691864,ok
MCO,Moody's Corporation,Financials,Financial Exchanges & Data,3,2024,2521000000.0,0.35567155756207675,2093666666.6666667,0.33909080790798135,ok
MS,Morgan Stanley,Financials,Investment Banking & Brokerage,2,2021,31663000000.0,0.5298803447410259,2494000000.0,-0.008610292178167278,partial data
MOS,Mosaic Company (The),Materials,Fertilizers & Agricultural Chemicals,3,2024,64200000.0,0.00577192793181573,1254100000.0,0.07335334544375786,ok
MSI,Motorola Solutions,Information Technology,Communications Equipment,3,2024,2134000000.0,0.19728205602292687,1830666666.6666667,0.1829159906650151,ok
MSCI,MSCI,Financials,Financial Exchanges & Data,3,2024,1467729000.0,0.5138876829049679,1253179333.3333333,0.4911585030541847,ok
NDAQ,"Nasdaq, Inc.",Financials,Financial Exchanges & Data,3,2024,702000000.0,0.1510002151000215,1272000000.0,0.2670373839993479,ok
NTAP,NetApp,Information Technology,"Technology Hardware, Storage & Peripherals",3,2025,1338000000.0,0.20359099208764456,1245333333.3333333,0.19470769201098093,ok
NFLX,Netflix,Communication Services,Movies & Entertainment,3,2024,6921826000.0,0.17747832194720511,5155367666.666667,0.1446807456205259,ok
NEM,Newmont,Materials,Gold,3,2024,2961000000.0,0.1584948078364201,1382333333.3333333,0.08603473129431453,ok
NWS,News Corp (Class B),Communication Services,Publishing,3,2025,-769000000.0,-0.09098438239469948,-101000000.0,-0.011165604485755681,ok
NEE,NextEra Energy,Utilities,Multi-Utilities,3,2024,5145000000.0,0.2078535935038177,1942000000.0,0.0722681332430018,ok
NKE,"Nike, Inc.",Consumer Discretionary,"Apparel, Accessories & Luxury Goods",3,2025,3268000000.0,0.07056943574683107,4919000000.0,0.09817491813238256,ok
NI,NiSource,Utilities,Multi-Utilities,3,2024,-999300000.0,-0.18318637605176807,-938733333.3333334,-0.16769192159803983,ok
NDSN,Nordson Corporation,Industrials,Industrial Machinery & Supplies & Components,3,2024,491858000.0,0.18285221015784478,520213666.6666667,0.19734912928552048,ok
NSC,Norfolk Southern,Industrials,Rail Transportation,3,2024,1671000000.0,0.1378371690175699,1599000000.0,0.1287829749926154,ok
NTRS,Northern Trust,Financials,Asset Management & Custody Banks,3,2024,213100000.0,0.02570442921933803,1662000000.0,0.24365184245635438,ok
NOC,Northrop Grumman,Industrials,Aerospace & Defense,3,2024,2621000000.0,0.06387541734701338,2114000000.0,0.05387044315119666,ok
NCLH,Norwegian Cruise Line Holdings,Consumer Discretionary,"Hotels, Resorts & Cruise Lines",3,2024,838871000.0,0.08849175987597012,-493204666.6666667,-0.10784095464011177,ok
NRG,NRG Energy,Utilities,Independent Power Producers & Energy Traders,3,2023,1188000000.0,0.04121708357908615,781333333.3333334,0.027834570694364704,ok
NUE,Nucor,Materials,Steel,3,2024,823000000.0,0.026778160994338517,4630666666.666667,0.12159312790901662,ok
NVDA,Nvidia,Information Technology,Semiconductors,3,2024,60724000000.0,0.46532870487444156,30493000000.0,0.34960712457771687,ok
NVR,"NVR, Inc.",Consumer Discretionary,Homebuilding,3,2024,7783600000.0,0.745818806733986,7764118000.0,0.7698257187682872,ok
NXPI,NXP Semiconductors,Information Technology,Semiconductors,3,2024,1910000000.0,0.15141905818931345,2363333333.3333335,0.1808929922619633,ok
ORLY,O'Reilly Automotive,Consumer Discretionary,Automotive Retail,3,2024,2042539000.0,0.12224565742938062,2229253000.0,0.14400663656152057,ok
OXY,Occidental Petroleum,Energy,Oil & Gas Exploration & Production,1,2023,6590000000.0,0.22788574590220623,6590000000.0,0.22788574590220623,partial data
ODFL,Old Dominion,Industrials,Cargo Ground Transportation,3,2024,908089000.0,0.15616830128585457,902360666.6666666,0.15092469164346303,ok
OMC,Omnicom Group,Communication Services,Advertising,3,2024,1592900000.0,0.10152908707319094,1261566666.6666667,0.08411303191704635,ok
ON,ON Semiconductor,Information Technology,Semiconductors,3,2024,1218600000.0,0.172062747977352,1105733333.3333333,0.14152725612698494,ok
ORCL,Oracle Corporation,Information Technology,Application Software,3,2025,-394000000.0,-0.00686423108416523,6627666666.666667,0.12854313126029018,ok
OTIS,Otis Worldwide,Industrials,Industrial Machinery & Supplies & Components,3,2024,1443000000.0,0.10118505013673655,1461333333.3333333,0.10402016491752818,ok
PCAR,Paccar,Industrials,Construction Machinery & Heavy Transportation Equipment,3,2024,3591400000.0,0.113780441828268,3152533333.3333335,0.10172942701309241,ok
PKG,Packaging Corporation of America,Materials,Paper & Plastic Packaging Products & Materials,3,2024,522800000.0,0.06236207698638961,680933333.3333334,0.08343344944175361,ok
PLTR,Palantir Technologies,Information Technology,Application Software,3,2024,1141231000.0,0.3982649492742471,674003333.3333334,0.2693147738006972,ok
PANW,Palo Alto Networks,Information Technology,Systems Software,3,2025,3469800000.0,0.37627284064414684,3067266666.6666665,0.3814274100731952,ok
PH,Parker Hannifin,Industrials,Industrial Machinery & Supplies & Components,3,2025,3373000000.0,0.1699244332493703,2992666666.6666665,0.15236834361790172,ok
PAYX,Paychex,Industrials,Human Resource & Employment Services,3,2023,1569500000.0,0.31345489405044835,1384333333.3333333,0.30246126509502325,ok
PYPL,PayPal,Financials,Transaction & Payment Processing Services,3,2024,6768000000.0,0.2128502688932918,5381666666.666667,0.18062660106686076,ok
PNR,Pentair,Industrials,Industrial Machinery & Supplies & Components,3,2024,692900000.0,0.16971196237875968,507966666.6666667,0.12396136768926137,ok
PEP,PepsiCo,Consumer Staples,Soft Drinks & Non-alcoholic Beverages,3,2024,12849000000.0,0.13988503494676335,10889666666.666666,0.12017924535640812,ok
PFE,Pfizer,Health Care,Pharmaceuticals,3,2024,1794000000.0,0.02819557734923853,10144000000.0,0.10975261787919179,ok
PCG,PG&E Corporation,Utilities,Multi-Utilities,3,2022,-5863000000.0,-0.2704335793357934,-12453666666.666666,-0.6497406634752797,ok
PM,Philip Morris International,Consumer Staples,Tobacco,3,2024,10773000000.0,0.2844131157928085,9166333333.333334,0.26321290750492177,ok
PSX,Phillips 66,Energy,Oil & Gas Refining & Marketing,3,2024,3414000000.0,0.023848609529664066,5869666666.666667,0.03736712899776445,ok
PNW,Pinnacle West Capital,Utilities,Multi-Utilities,3,2023,-638673000.0,-0.13600388075701167,-572727666.6666666,-0.1350168484409061,ok
PPG,PPG Industries,Materials,Specialty Chemicals,2,2021,1980000000.0,0.11784311391501012,1903000000.0,0.12491837638789396,partial data
PPL,PPL Corporation,Utilities,Electric Utilities,3,2024,-413000000.0,-0.04880642874025053,-571666666.6666666,-0.06987657951312679,ok
PG,Procter & Gamble,Consumer Staples,Personal Care Products,3,2025,14152000000.0,0.16790849983389491,14951666666.666666,0.17911037223593249,ok
PGR,Progressive Corporation,Financials,Property & Casualty Insurance,3,2023,10438500000.0,0.16806878285580878,8204933333.333333,0.1533122528190575,ok
PLD,Prologis,Real Estate,Industrial REITs,3,2024,-1008108000.0,-0.1229158665188908,-1742778333.3333333,-0.24046927097136964,ok
PEG,Public Service Enterprise Group,Utilities,Electric Utilities,3,2024,-1116000000.0,-0.10845481049562682,-917000000.0,-0.08773167879643752,ok
PTC,PTC Inc.,Information Technology,Application Software,3,2024,735606000.0,0.320041314403656,577344000.0,0.2705755381524015,ok
PSA,Public Storage,Real Estate,Self-Storage REITs,3,2024,2113904000.0,0.4501867273644182,1882569000.0,0.42018833123203264,ok
PHM,PulteGroup,Consumer Discretionary,Homebuilding,3,2024,1562249000.0,0.08704816138675374,1407538333.3333333,0.08427009384365801,ok
PWR,Quanta Services,Industrials,Construction & Engineering,3,2024,1554761000.0,0.0656771200865804,1177354000.0,0.05618529337472924,ok
QCOM,Qualcomm,Information Technology,Semiconductors,3,2024,11171000000.0,0.28671526102356143,9328666666.666666,0.23998246568942994,ok
DGX,Quest Diagnostics,Health Care,Health Care Services,3,2024,909000000.0,0.09207860615883307,1029000000.0,0.10613980015200032,ok
RL,Ralph Lauren Corporation,Consumer Discretionary,"Apparel, Accessories & Luxury Goods",3,2024,1018900000.0,0.14393275886424636,705766666.6666666,0.10347313754815192,ok
RJF,Raymond James Financial,Financials,Investment Banking & Brokerage,3,2024,1991000000.0,0.1552920989002418,-599000000.0,-0.05699206210840888,ok
RTX,RTX Corporation,Industrials,Aerospace & Defense,3,2024,4534000000.0,0.05615695211672323,4960666666.666667,0.06941692651692538,ok
O,Realty Income,Real Estate,Retail REITs,2,2021,-4991252000.0,-2.3991063527685905,-1808125000.0,-0.7821489955486746,partial data
REG,Regency Centers,Real Estate,Retail REITs,3,2024,555445000.0,0.38203691577985893,552292666.6666666,0.41720133280522026,ok
REGN,Regeneron Pharmaceuticals,Health Care,Biotechnology,3,2024,3559000000.0,0.25059850725249966,3883800000.0,0.2978989412520097,ok
RSG,Republic Services,Industrials,Environmental & Facilities Services,3,2024,2128000000.0,0.13273453093812376,2053300000.0,0.13888464517011814,ok
RMD,ResMed|,Health Care,Health Care Equipment,3,2025,1650946000.0,0.32080083523647057,1165549666.6666667,0.24260136681550773,ok
HOOD,Robinhood Markets,Financials,Investment Banking & Brokerage,3,2024,-170000000.0,-0.05760759064723822,43000000.0,-0.024482596970067282,ok
ROK,Rockwell Automation,Industrials,Electrical Components & Equipment,3,2024,639000000.0,0.07732333010648597,844666666.6666666,0.0997067231712866,ok
ROL,"Rollins, Inc.",Industrials,Environmental & Facilities Services,3,2024,601450000.0,0.17748652288718886,533141333.3333333,0.1745993493383425,ok
ROP,Roper Technologies,Information Technology,Electronic Equipment & Instruments,3,2024,2327200000.0,0.33060575065348335,1662933333.3333333,0.2594354485539525,ok
ROST,Ross Stores,Consumer Discretionary,Apparel Retail,3,2024,1719526000.0,0.08138142730216388,1502169000.0,0.07424043759587934,ok
RCL,Royal Caribbean Group,Consumer Discretionary,"Hotels, Resorts & Cruise Lines",3,2024,2106000000.0,0.12775250227479526,150000000.0,-0.02772459913647975,ok
SPGI,S&P Global,Financials,Financial Exchanges & Data,3,2024,5733000000.0,0.40350506756756754,5445666666.666667,0.43625157867940656,ok
CRM,Salesforce,Information Technology,Application Software,3,2024,12434000000.0,0.3281171658530149,9415000000.0,0.26732021804737677,ok
SNDK,Sandisk,Information Technology,"Technology Hardware, Storage & Peripherals",2,2025,-120000000.0,-0.016315431679129844,-229000000.0,-0.03352166601215985,partial data
SBAC,SBA Communications,Real Estate,Telecom Tower REITs,3,2024,1107050000.0,0.4131347788541271,1163240000.0,0.4345187152863385,ok
SLB,Schlumberger,Energy,Oil & Gas Equipment & Services,3,2024,4671000000.0,0.12871669100829453,3863666666.6666665,0.11653345704665247,ok
STX,Seagate Technology,Information Technology,"Technology Hardware, Storage & Peripherals",3,2025,819000000.0,0.0900296801143234,894333333.3333334,0.11819687135053773,ok
SRE,Sempra,Utilities,Multi-Utilities,3,2024,-4317000000.0,-0.3274175199089875,-4116333333.3333335,-0.2864153592772528,ok
NOW,ServiceNow,Information Technology,Systems Software,3,2024,3375000000.0,0.3072651128914785,2749666666.6666665,0.3027591205409019,ok
SHW,Sherwin-Williams,Materials,Specialty Chemicals,3,2024,2094800000.0,0.09068987163668636,2037266666.6666667,0.08909056720231519,ok
SPG,Simon Property Group,Real Estate,Retail REITs,3,2024,3114274000.0,0.5221964258346778,3142674000.0,0.5589665695554892,ok
SWKS,Skyworks Solutions,Information Technology,Semiconductors,3,2024,1641600000.0,0.392915270464337,1392266666.6666667,0.2997383803077009,ok
SJM,J.M. Smucker Company (The),Consumer Staples,Packaged Foods & Meats,3,2023,716800000.0,0.0840407072175585,903600000.0,0.11108342905964945,ok
SNA,Snap-on,Industrials,Industrial Machinery & Supplies & Components,3,2024,1137100000.0,0.24155584823894294,931700000.0,0.19957616004820225,ok
LUV,Southwest Airlines,Industrials,Passenger Airlines,3,2024,-1592000000.0,-0.057926718334970706,-701333333.3333334,-0.02604067951721492,ok
SWK,Stanley Black & Decker,Industrials,Industrial Machinery & Supplies & Components,3,2024,753000000.0,0.049005251957281476,-114200000.0,-0.003974594108726266,ok
SBUX,Starbucks,Consumer Discretionary,Restaurants,3,2024,3318100000.0,0.09172052343806149,3219733333.3333335,0.09206285927329926,ok
STT,State Street Corporation,Financials,Asset Management & Custody Banks,3,2022,11220000000.0,0.9236088244978597,2223666666.6666665,0.1840726081080997,ok
STLD,Steel Dynamics,Materials,Steel,3,2024,-23503000.0,-0.0013399359991425504,1796673666.6666667,0.08575643076192636,ok
STE,Steris,Health Care,Health Care Equipment,3,2024,787200000.0,0.1441890282992948,605621666.6666666,0.11838279497515103,ok
SYK,Stryker Corporation,Health Care,Health Care Equipment,3,2024,3487000000.0,0.15432617835804383,2886333333.3333335,0.13922499967398558,ok
SMCI,Supermicro,Information Technology,"Technology Hardware, Storage & Peripherals",3,2025,1532310000.0,0.0697390802366025,-150384666.66666666,-0.005471197130898516,ok
SNPS,Synopsys,Information Technology,Application Software,3,2024,1283868000.0,0.20952776985349172,1466611666.6666667,0.28043281243185286,ok
SYY,Sysco,Consumer Staples,Food Distributors,3,2025,1818000000.0,0.02234238662897874,2057000000.0,0.026146279399635694,ok
TMUS,T-Mobile US,Communication Services,Wireless Telecommunication Services,3,2024,10081000000.0,0.12384520884520885,5820666666.666667,0.07262851191141394,ok
TROW,T. Rowe Price,Financials,Asset Management & Custody Banks,3,2024,1262200000.0,0.17793504003608887,1431733333.3333333,0.2153303730565166,ok
TTWO,Take-Two Interactive,Communication Services,Interactive Home Entertainment,3,2024,-214600000.0,-0.03809287134336836,-191833333.33333334,-0.035184576762160295,ok
TPR,"Tapestry, Inc.",Consumer Discretionary,"Apparel, Accessories & Luxury Goods",3,2025,1093900000.0,0.15603292110630892,1010533333.3333334,0.14889125276370951,ok
TRGP,Targa Resources,Energy,Oil & Gas Storage & Transportation,3,2024,683900000.0,0.04174831364649147,859866666.6666666,0.04809710829467479,ok
TGT,Target Corporation,Consumer Staples,Consumer Staples Merchandise Retail,3,2024,4476000000.0,0.04200213951917122,2263000000.0,0.021251641200925684,ok
TEL,TE Connectivity,Information Technology,Electronic Manufacturing Services,3,2024,2813000000.0,0.17753234458819817,2341000000.0,0.1461301958724708,ok
TDY,Teledyne Technologies,Information Technology,Electronic Equipment & Instruments,3,2024,1108200000.0,0.19544973544973546,741200000.0,0.13188016745003084,ok
TER,Teradyne,Information Technology,Semiconductor Materials & Equipment,3,2024,479895000.0,0.17018277373505256,443020000.0,0.15458974652240556,ok
TSLA,"Tesla, Inc.",Consumer Discretionary,Automobile Manufacturers,3,2024,3581000000.0,0.03665677141979732,5163333333.333333,0.05812848717113778,ok
TXN,Texas Instruments,Information Technology,Semiconductors,3,2024,1693000000.0,0.1082411610510837,3125000000.0,0.16715734505578392,ok
TPL,Texas Pacific Land Corporation,Energy,Oil & Gas Exploration & Production,3,2024,459500000.0,0.6510130726825281,416150666.6666667,0.6212764874211355,ok
TXT,Textron,Industrials,Aerospace & Defense,3,2022,1156000000.0,0.08982826948480846,955333333.3333334,0.07679482227496003,ok
TMO,Thermo Fisher Scientific,Health Care,Life Sciences Tools & Services,3,2024,7324000000.0,0.17080622216003172,7106666666.666667,0.16330531649433497,ok
TJX,TJX Companies,Consumer Discretionary,Apparel Retail,3,2024,4198000000.0,0.07448545067423705,3720000000.0,0.06901641976120447,ok
TTD,Trade Desk (The),Communication Services,Advertising,3,2024,641218000.0,0.2622749793339499,552441333.3333334,0.2800402977392256,ok
TSCO,Tractor Supply,Consumer Discretionary,Other Specialty Retail,3,2024,776917000.0,0.05220082924198381,699196333.3333334,0.04801440445761441,ok
TT,Trane Technologies,Industrials,Building Products,3,2024,2779700000.0,0.14011855914347068,2033233333.3333333,0.11173795727372826,ok
TDG,TransDigm Group,Industrials,Aerospace & Defense,3,2024,1880000000.0,0.2367758186397985,1315000000.0,0.19239120214727615,ok
TRMB,Trimble Inc.,Information Technology,Application Software,3,2024,497800000.0,0.13515054434881763,466966666.6666667,0.12531329181283937,ok
TFC,Truist Financial,Financials,Diversified Banks,1,2020,6622000000.0,0.29165382074432944,6622000000.0,0.29165382074432944,partial data
TYL,Tyler Technologies,Information Technology,Application Software,3,2024,604098000.0,0.2825788905713015,440981666.6666667,0.22032694490627172,ok
TSN,Tyson Foods,Consumer Staples,Packaged Foods & Meats,3,2024,1458000000.0,0.027349978427657618,690333333.3333334,0.01294272936226471,ok
UBER,Uber,Industrials,Passenger Ground Transportation,3,2024,6895000000.0,0.15678293692300696,3549000000.0,0.08639914927552306,ok
UDR,"UDR, Inc.",Real Estate,Multi-Family Residential REITs,3,2024,538629000.0,0.32217697605395723,309703333.3333333,0.18803506110410717,ok
ULTA,Ulta Beauty,Consumer Discretionary,Other Specialty Retail,3,2024,964147000.0,0.0853555712666128,1058311666.6666666,0.09761005024097152,ok
UNP,Union Pacific Corporation,Industrials,Rail Transportation,3,2024,5894000000.0,0.24305154639175258,5469666666.666667,0.22392649797886663,ok
UAL,United Airlines Holdings,Industrials,Passenger Airlines,3,2024,3939000000.0,0.0690289679827559,1724000000.0,0.03241942291412501,ok
UPS,United Parcel Service,Industrials,Air Freight & Logistics,3,2024,7328000000.0,0.08046557593060283,7316000000.0,0.07719750757924244,ok
URI,United Rentals,Industrials,Trading Companies & Distributors,3,2024,5811000000.0,0.3786901270772238,5677000000.0,0.41512928339864813,ok
UNH,UnitedHealth Group,Health Care,Managed Health Care,3,2024,20705000000.0,0.051726550047716834,23263666666.666668,0.06434429187432728,ok
VLO,Valero Energy,Energy,Oil & Gas Refining & Marketing,3,2022,11818000000.0,0.0670019219539298,5789333333.333333,0.03841941991964329,ok
VEEV,Veeva Systems,Health Care,Health Care Technology,2,2021,750249000.0,0.405369744707223,646406000.0,0.3878512365316809,partial data
VTR,Ventas,Real Estate,Health Care REITs,3,2022,339676000.0,0.08226207881297871,763815666.6666666,0.19878977911265863,ok
VRSN,Verisign,Information Technology,Internet Services & Infrastructure,3,2024,874500000.0,0.5615127777064338,828733333.3333334,0.555569447875142,ok
VRSK,Verisk Analytics,Industrials,Research & Consulting Services,3,2024,920100000.0,0.31929069646389285,845033333.3333334,0.3143961543551778,ok
VRTX,Vertex Pharmaceuticals,Health Care,Biotechnology,3,2024,-978000000.0,-0.08874692607145125,2075366666.6666667,0.22766877837605162,ok
VRT,Vertiv,Industrials,Electrical Components & Equipment,3,2024,1152300000.0,0.1438253575975436,562800000.0,0.07149053645734918,ok
VTRS,Viatris,Health Care,Pharmaceuticals,3,2024,4486700000.0,0.3044038726398133,3981533333.3333335,0.2575526597853784,ok
VICI,Vici Properties,Real Estate,Hotel & Resort REITs,3,2024,2374935000.0,0.6235464406469937,2166554666.6666665,0.6638233895537266,ok
V,Visa Inc.,Financials,Transaction & Payment Processing Services,3,2024,18693000000.0,0.5203195457328954,18756000000.0,0.5778357549704737,ok
VST,Vistra Corp.,Utilities,Electric Utilities,3,2024,3604000000.0,0.20924291686019508,2415666666.6666665,0.1506204408006403,ok
VMC,Vulcan Materials Company,Materials,Construction Materials,3,2024,860800000.0,0.11604675303665557,731300000.0,0.09735427942705367,ok
WRB,W. R. Berkley Corporation,Financials,Property & Casualty Insurance,3,2024,3506113000.0,0.25706992839227516,2950065666.6666665,0.238318324677129,ok
GWW,W. W. Grainger,Industrials,Industrial Machinery & Supplies & Components,3,2024,1570000000.0,0.09144920782851818,1411000000.0,0.08614124432521408,ok
WAB,Wabtec,Industrials,Construction Machinery & Heavy Transportation Equipment,3,2024,1640000000.0,0.15788966977953212,1183000000.0,0.12321908953433947,ok
WMT,Walmart,Consumer Staples,Consumer Staples Merchandise Retail,3,2024,13092000000.0,0.019225093063723872,13538666666.666666,0.020940743432431536,ok
DIS,Walt Disney Company (The),Communication Services,Movies & Entertainment,3,2024,7513000000.0,0.08223421372358009,7216000000.0,0.08246422026322513,ok
WBD,Warner Bros. Discovery,Communication Services,Broadcasting,3,2024,4427000000.0,0.11258614989445843,4635000000.0,0.11992461746696174,ok
WM,Waste Management,Industrials,Environmental & Facilities Services,3,2024,2159000000.0,0.09785613923763767,1977333333.3333333,0.09536604935341171,ok
WAT,Waters Corporation,Health Care,Life Sciences Tools & Services,3,2024,619642000.0,0.20945265105613295,496674666.6666667,0.16769991508300705,ok
WEC,WEC Energy Group,Utilities,Electric Utilities,3,2024,430700000.0,0.050081977697415084,257000000.0,0.02995883500235605,ok
WELL,Welltower,Real Estate,Health Care REITs,3,2024,1775439000.0,0.22217654651076357,1328154000.0,0.19191256966559167,ok
WST,West Pharmaceutical Services,Health Care,Health Care Supplies,3,2024,276400000.0,0.09553435642195493,376766666.6666667,0.1294190482614312,ok
WDC,Western Digital,Information Technology,"Technology Hardware, Storage & Peripherals",3,2025,1284000000.0,0.13487394957983193,-172333333.33333334,-0.050712069335223875,ok
WY,Weyerhaeuser,Real Estate,Timber REITs,3,2024,637000000.0,0.08941605839416059,1359666666.6666667,0.1535246522037997,ok
WSM,"Williams-Sonoma, Inc.",Consumer Discretionary,Homefurnishing Retail,3,2024,1138655000.0,0.14765596137010747,1109725000.0,0.14022660096796097,ok
WMB,Williams Companies,Energy,Oil & Gas Storage & Transportation,3,2024,2296000000.0,0.21860420832143196,2757666666.6666665,0.2551123594278462,ok
WTW,Willis Towers Watson,Financials,Insurance Brokers,3,2024,1267000000.0,0.12759315206445115,1014666666.6666666,0.10664243614537372,ok
WDAY,"Workday, Inc.",Information Technology,Application Software,3,2024,2189000000.0,0.25917594127397586,1796000000.0,0.24324500371934055,ok
WYNN,Wynn Resorts,Consumer Discretionary,Casinos & Gaming,3,2024,1056063000.0,0.1481577971596646,489811666.6666667,0.05607651687268076,ok
XYL,Xylem Inc.,Industrials,Industrial Machinery & Supplies & Components,3,2024,946000000.0,0.11048820369072647,633666666.6666666,0.08591626612232724,ok
YUM,Yum! Brands,Consumer Discretionary,Restaurants,3,2024,1432000000.0,0.18969399920519275,1279333333.3333333,0.17832508530432145,ok
ZBRA,Zebra Technologies,Information Technology,Electronic Equipment & Instruments,3,2024,868000000.0,0.17426219634611523,390000000.0,0.07373914867705769,ok
ZBH,Zimmer Biomet,Health Care,Health Care Equipment,3,2024,1295600000.0,0.16872867449795537,1251466666.6666667,0.17053424144988946,ok
ZTS,Zoetis,Health Care,Pharmaceuticals,3,2024,2298000000.0,0.2482713915298185,1748666666.6666667,0.20074261585622696,ok
