ticker,security,cik,matched,cik_match,wikirate_name,scope1_n_years,scope1_years,scope1_latest_year,scope2_n_years,scope2_years,scope2_latest_year
A,Agilent Technologies,1090872,True,True,Agilent Technologies,1,2014,2014,1,2014,2014
AAPL,Apple Inc.,320193,False,False,,0,,,0,,
ABBV,AbbVie,1551152,False,False,,0,,,0,,
ABNB,Airbnb,1559720,True,True,Airbnb,0,,,0,,
ABT,Abbott Laboratories,1800,True,True,Abbott Laboratories,1,2014,2014,1,2014,2014
ACGL,Arch Capital Group,947484,True,True,Arch Capital Group,0,,,0,,
ACN,Accenture,1467373,True,True,Accenture,0,,,0,,
ADBE,Adobe Inc.,796343,False,False,,0,,,0,,
ADI,Analog Devices,6281,True,True,Analog Devices,0,,,0,,
ADM,Archer Daniels Midland,7084,True,True,Archer Daniels Midland,0,,,0,,
ADP,Automatic Data Processing,8670,False,False,,0,,,0,,
ADSK,Autodesk,769397,False,False,,0,,,0,,
AEE,Ameren,1002910,True,True,Ameren,0,,,0,,
AEP,American Electric Power,4904,False,False,,0,,,0,,
AES,AES Corporation,874761,False,False,,0,,,0,,
AFL,Aflac,4977,True,True,Aflac,0,,,0,,
AIG,American International Group,5272,True,True,American International Group,0,,,0,,
AIZ,Assurant,1267238,True,True,Assurant,0,,,0,,
AJG,Arthur J. Gallagher & Co.,354190,False,False,,0,,,0,,
AKAM,Akamai Technologies,1086222,True,True,Akamai Technologies,0,,,0,,
ALB,Albemarle Corporation,915913,True,True,Albemarle Corporation,0,,,0,,
ALGN,Align Technology,1097149,False,False,,0,,,0,,
ALL,Allstate,899051,True,True,Allstate,0,,,0,,
ALLE,Allegion,1579241,False,False,,0,,,0,,
AMAT,Applied Materials,6951,True,True,Applied Materials,0,,,0,,
AMCR,Amcor,1748790,True,False,Amcor,1,2014,2014,1,2014,2014
AMD,Advanced Micro Devices,2488,False,False,,0,,,0,,
AME,Ametek,1037868,True,True,Ametek,0,,,0,,
AMGN,Amgen,318154,True,True,Amgen,1,2014,2014,1,2014,2014
AMP,Ameriprise Financial,820027,True,True,Ameriprise Financial,0,,,0,,
AMT,American Tower,1053507,True,True,American Tower,0,,,0,,
AMZN,Amazon,1018724,False,False,,0,,,0,,
ANET,Arista Networks,1596532,False,False,,0,,,0,,
AON,Aon plc,315293,False,False,,0,,,0,,
AOS,A. O. Smith,91142,False,False,,0,,,0,,
APA,APA Corporation,1841666,True,True,APA Corporation,0,,,0,,
APD,Air Products,2969,True,False,Air Products,0,,,0,,
APH,Amphenol,820313,True,True,Amphenol Corporation,0,,,0,,
APO,Apollo Global Management,1858681,False,False,,0,,,0,,
APP,AppLovin,1751008,True,True,AppLovin Corporation,0,,,0,,
APTV,Aptiv,1521332,False,False,,0,,,0,,
ARE,Alexandria Real Estate Equities,1035443,False,False,,0,,,0,,
ARES,Ares Management,1176948,False,False,,0,,,0,,
ATO,Atmos Energy,731802,True,True,Atmos Energy Corporation,0,,,0,,
AVGO,Broadcom,1730168,True,True,Broadcom,0,,,0,,
AVY,Avery Dennison,8818,True,False,Avery Dennison,0,,,0,,
AWK,American Water Works,1410636,True,True,American Water Works,0,,,0,,
AXON,Axon Enterprise,1069183,False,False,,0,,,0,,
AXP,American Express,4962,True,True,American Express,1,2014,2014,1,2014,2014
AZO,AutoZone,866787,True,True,AutoZone,0,,,0,,
BA,Boeing,12927,True,True,Boeing,0,,,0,,
BAC,Bank of America,70858,True,True,Bank of America,1,2014,2014,1,2014,2014
BALL,Ball Corporation,9389,True,True,Ball Corporation,0,,,0,,
BAX,Baxter International,10456,True,True,Baxter International,1,2014,2014,1,2014,2014
BBY,Best Buy,764478,True,False,Best Buy,0,,,0,,
BDX,Becton Dickinson,10795,True,True,"Becton, Dickinson",0,,,0,,
BEN,Franklin Resources,38777,True,True,Franklin Resources,0,,,0,,
BF.B,Brown–Forman,14693,False,False,,0,,,0,,
BG,Bunge Global,1996862,False,False,,0,,,0,,
BIIB,Biogen,875045,False,False,,0,,,0,,
BKNG,Booking Holdings,1075531,True,True,Booking Holdings,0,,,0,,
BKR,Baker Hughes,1701605,True,True,Baker Hughes,0,,,0,,
BLDR,Builders FirstSource,1316835,True,True,Builders FirstSource,0,,,0,,
BLK,BlackRock,2012383,True,True,BlackRock,0,,,0,,
BMY,Bristol Myers Squibb,14272,True,True,Bristol-Myers Squibb,0,,,0,,
BNY,BNY Mellon,1390777,False,False,,0,,,0,,
BR,Broadridge Financial Solutions,1383312,False,False,,0,,,0,,
BRK.B,Berkshire Hathaway,1067983,True,True,Berkshire Hathaway,0,,,0,,
BRO,Brown & Brown,79282,False,False,,0,,,0,,
BSX,Boston Scientific,885725,True,True,Boston Scientific,0,,,0,,
BX,Blackstone Inc.,1393818,False,False,,0,,,0,,
BXP,"BXP, Inc.",1037540,False,False,,0,,,0,,
C,Citigroup,831001,False,False,,0,,,0,,
CAH,Cardinal Health,721371,True,True,Cardinal Health,0,,,0,,
CARR,Carrier Global,1783180,True,True,Carrier Global,0,,,0,,
CASY,Casey's,726958,False,False,,0,,,0,,
CAT,Caterpillar Inc.,18230,False,False,,0,,,0,,
CB,Chubb Limited,896159,False,False,,0,,,0,,
CBOE,Cboe Global Markets,1374310,False,False,,0,,,0,,
CBRE,CBRE Group,1138118,True,True,CBRE Group,0,,,0,,
CCI,Crown Castle,1051470,False,False,,0,,,0,,
CCL,Carnival Corporation,815097,False,False,,0,,,0,,
CDNS,Cadence Design Systems,813672,True,True,Cadence Design Systems,0,,,0,,
CDW,CDW Corporation,1402057,False,False,,0,,,0,,
CEG,Constellation Energy,1868275,False,False,,0,,,0,,
CF,CF Industries,1324404,False,False,,0,,,0,,
CFG,Citizens Financial Group,759944,False,False,,0,,,0,,
CHD,Church & Dwight,313927,True,True,Church & Dwight,0,,,0,,
CHRW,C.H. Robinson,1043277,False,False,,0,,,0,,
CHTR,Charter Communications,1091667,True,True,Charter Communications,0,,,0,,
CI,Cigna,1739940,True,True,Cigna Group,0,,,0,,
CIEN,Ciena,936395,True,True,Ciena Corporation,0,,,0,,
CINF,Cincinnati Financial,20286,True,True,Cincinnati Financial,0,,,0,,
CL,Colgate-Palmolive,21665,True,True,Colgate-Palmolive Company,1,2014,2014,1,2014,2014
CLX,Clorox,21076,True,True,Clorox,1,2014,2014,1,2014,2014
CMCSA,Comcast,1166691,True,True,Comcast,0,,,0,,
CME,CME Group,1156375,True,True,CME Group,0,,,0,,
CMG,Chipotle Mexican Grill,1058090,True,True,Chipotle Mexican Grill,0,,,0,,
CMI,Cummins,26172,True,True,Cummins,0,,,0,,
CMS,CMS Energy,811156,True,True,CMS Energy,0,,,0,,
CNC,Centene Corporation,1071739,True,True,Centene Corporation,0,,,0,,
CNP,CenterPoint Energy,1130310,True,True,CenterPoint Energy,0,,,0,,
COF,Capital One,927628,False,False,,0,,,0,,
COHR,Coherent Corp.,820318,False,False,,0,,,0,,
COIN,Coinbase,1679788,False,False,,0,,,0,,
COO,Cooper Companies (The),711404,False,False,,0,,,0,,
COP,ConocoPhillips,1163165,True,True,ConocoPhillips,0,,,0,,
COR,Cencora,1140859,False,False,,0,,,0,,
COST,Costco,909832,False,False,,0,,,0,,
CPAY,Corpay,1175454,False,False,,0,,,0,,
CPRT,Copart,900075,False,False,,0,,,0,,
CPT,Camden Property Trust,906345,True,True,Camden Property Trust,0,,,0,,
CRH,CRH plc,849395,True,True,CRH Plc,0,,,0,,
CRL,Charles River Laboratories,1100682,True,False,CHARLES RIVER LABORATORIES GROUP,0,,,0,,
CRM,Salesforce,1108524,False,False,,0,,,0,,
CRWD,CrowdStrike,1535527,False,False,,0,,,0,,
CSCO,Cisco,858877,False,False,,0,,,0,,
CSGP,CoStar Group,1057352,False,False,,0,,,0,,
CSX,CSX Corporation,277948,False,False,,0,,,0,,
CTAS,Cintas,723254,True,True,Cintas,0,,,0,,
CTSH,Cognizant,1058290,False,False,,0,,,0,,
CTVA,Corteva,1755672,True,True,Corteva,0,,,0,,
CVNA,Carvana,1690820,False,False,,0,,,0,,
CVS,CVS Health,64803,True,True,CVS Health,1,2014,2014,1,2014,2014
CVX,Chevron Corporation,93410,True,True,Chevron Corporation,0,,,0,,
D,Dominion Energy,715957,True,True,Dominion Energy,0,,,0,,
DAL,Delta Air Lines,27904,True,True,Delta Air Lines,0,,,0,,
DASH,DoorDash,1792789,False,False,,0,,,0,,
DD,DuPont,1666700,True,True,DuPont,0,,,0,,
DDOG,Datadog,1561550,False,False,,0,,,0,,
DE,Deere & Company,315189,False,False,,0,,,0,,
DECK,Deckers Brands,910521,False,False,,0,,,0,,
DELL,Dell Technologies,1571996,False,False,,0,,,0,,
DG,Dollar General,29534,True,True,Dollar General,0,,,0,,
DGX,Quest Diagnostics,1022079,True,True,Quest Diagnostics,0,,,0,,
DHI,D. R. Horton,882184,False,False,,0,,,0,,
DHR,Danaher Corporation,313616,False,False,,0,,,0,,
DIS,Walt Disney Company (The),1744489,False,False,,0,,,0,,
DLR,Digital Realty,1297996,False,False,,0,,,0,,
DLTR,Dollar Tree,935703,True,True,Dollar Tree,0,,,0,,
DOC,Healthpeak Properties,765880,True,False,Healthpeak Properties,0,,,0,,
DOV,Dover Corporation,29905,False,False,,0,,,0,,
DOW,Dow Inc.,1751788,False,False,,0,,,0,,
DPZ,Domino's,1286681,False,False,,0,,,0,,
DRI,Darden Restaurants,940944,True,True,Darden Restaurants,1,2014,2014,1,2014,2014
DTE,DTE Energy,936340,True,True,DTE Energy,0,,,0,,
DUK,Duke Energy,1326160,True,True,Duke Energy,0,,,0,,
DVA,DaVita,927066,True,True,DaVita,0,,,0,,
DVN,Devon Energy,1090012,True,True,Devon Energy,0,,,0,,
DXCM,Dexcom,1093557,False,False,,0,,,0,,
EBAY,eBay Inc.,1065088,False,False,,0,,,0,,
ECHO,EchoStar,1415404,True,True,EchoStar Corporation,0,,,0,,
ECL,Ecolab,31462,True,True,Ecolab,1,2014,2014,1,2014,2014
ED,Consolidated Edison,1047862,True,True,Consolidated Edison,0,,,0,,
EFX,Equifax,33185,True,True,Equifax,0,,,0,,
EG,Everest Group,1095073,False,False,,0,,,0,,
EIX,Edison International,827052,True,True,Edison International,0,,,0,,
EL,Estée Lauder Companies (The),1001250,False,False,,0,,,0,,
ELV,Elevance Health,1156039,False,False,,0,,,0,,
EME,Emcor,105634,True,True,EMCOR Group,0,,,0,,
EMR,Emerson Electric,32604,True,True,Emerson Electric Company,0,,,0,,
EOG,EOG Resources,821189,True,True,EOG Resources,0,,,0,,
EQIX,Equinix,1101239,False,False,,0,,,0,,
EQT,EQT Corporation,33213,False,False,,0,,,0,,
ERIE,Erie Indemnity,922621,True,True,Erie Indemnity,0,,,0,,
ES,Eversource Energy,72741,True,True,Eversource Energy,0,,,0,,
ESS,Essex Property Trust,920522,False,False,,0,,,0,,
ETN,Eaton Corporation,1551182,False,False,,0,,,0,,
ETR,Entergy,65984,True,True,Entergy,0,,,0,,
EVRG,Evergy,1711269,True,True,Evergy,0,,,0,,
EW,Edwards Lifesciences,1099800,True,True,Edwards Lifesciences,0,,,0,,
EXC,Exelon,1109357,True,True,Exelon Corporation,0,,,0,,
EXE,Expand Energy,895126,False,False,,0,,,0,,
EXPD,Expeditors International,746515,True,True,Expeditors International,0,,,0,,
EXPE,Expedia Group,1324424,False,False,,0,,,0,,
EXR,Extra Space Storage,1289490,False,False,,0,,,0,,
F,Ford Motor Company,37996,True,True,Ford Motor Company,1,2014,2014,1,2014,2014
FANG,Diamondback Energy,1539838,False,False,,0,,,0,,
FAST,Fastenal,815556,False,False,,0,,,0,,
FCX,Freeport-McMoRan,831259,False,False,,0,,,0,,
FDS,FactSet,1013237,False,False,,0,,,0,,
FDX,FedEx,1048911,True,True,FedEx Corporation,1,2014,2014,1,2014,2014
FDXF,FedEx Freight,2082247,True,True,FedEx Freight,0,,,0,,
FE,FirstEnergy,1031296,True,True,FirstEnergy,0,,,0,,
FERG,Ferguson Enterprises,2011641,False,False,,0,,,0,,
FFIV,"F5, Inc.",1048695,False,False,,0,,,0,,
FICO,Fair Isaac,814547,True,True,Fair Isaac Corporation,0,,,0,,
FIS,Fidelity National Information Services,1136893,False,False,,0,,,0,,
FISV,Fiserv,798354,True,True,Fiserv,0,,,0,,
FITB,Fifth Third Bancorp,35527,True,True,Fifth Third Bancorp,0,,,0,,
FIX,Comfort Systems USA,1035983,False,False,,0,,,0,,
FLEX,Flex Ltd.,866374,False,False,,0,,,0,,
FOX,Fox Corporation (Class B),1754301,True,True,Fox Corporation,0,,,0,,
FOXA,Fox Corporation (Class A),1754301,True,True,Fox Corporation,0,,,0,,
FRT,Federal Realty Investment Trust,34903,True,True,Federal Realty Investment Trust,0,,,0,,
FSLR,First Solar,1274494,False,False,,0,,,0,,
FTNT,Fortinet,1262039,False,False,,0,,,0,,
FTV,Fortive,1659166,False,False,,0,,,0,,
GD,General Dynamics,40533,True,True,General Dynamics,0,,,0,,
GDDY,GoDaddy,1609711,True,True,GoDaddy,0,,,0,,
GE,GE Aerospace,40545,False,False,,0,,,0,,
GEHC,GE HealthCare,1932393,False,False,,0,,,0,,
GEN,Gen Digital,849399,False,False,,0,,,0,,
GEV,GE Vernova,1996810,False,False,,0,,,0,,
GILD,Gilead Sciences,882095,True,True,Gilead Sciences,0,,,0,,
GIS,General Mills,40704,False,False,,0,,,0,,
GL,Globe Life,320335,False,False,,0,,,0,,
GLW,Corning Inc.,24741,False,False,,0,,,0,,
GM,General Motors,1467858,True,True,General Motors Company,1,2014,2014,1,2014,2014
GNRC,Generac,1474735,False,False,,0,,,0,,
GOOG,Alphabet Inc. (Class C),1652044,False,False,,0,,,0,,
GOOGL,Alphabet Inc. (Class A),1652044,False,False,,0,,,0,,
GPC,Genuine Parts Company,40987,False,False,,0,,,0,,
GPN,Global Payments,1123360,False,False,,0,,,0,,
GRMN,Garmin,1121788,True,True,Garmin,0,,,0,,
GS,Goldman Sachs,886982,False,False,,0,,,0,,
GWW,W. W. Grainger,277135,False,False,,0,,,0,,
HAL,Halliburton,45012,True,True,Halliburton Company,0,,,0,,
HAS,Hasbro,46080,False,False,,0,,,0,,
HBAN,Huntington Bancshares,49196,True,True,Huntington Bancshares,0,,,0,,
HCA,HCA Healthcare,860730,False,False,,0,,,0,,
HD,Home Depot (The),354950,True,True,Home Depot,1,2014,2014,1,2014,2014
HIG,Hartford (The),874766,False,False,,0,,,0,,
HII,Huntington Ingalls Industries,1501585,True,True,Huntington Ingalls Industries,0,,,0,,
HLT,Hilton Worldwide,1585689,False,False,,0,,,0,,
HON,Honeywell Technologies,773840,False,False,,0,,,0,,
HONA,Honeywell Aerospace,2089271,True,True,Honeywell Aerospace,0,,,0,,
HOOD,Robinhood Markets,1783879,False,False,,0,,,0,,
HPE,Hewlett Packard Enterprise,1645590,True,True,Hewlett Packard Enterprise,0,,,0,,
HPQ,HP Inc.,47217,False,False,,0,,,0,,
HRL,Hormel Foods,48465,True,True,Hormel Foods,1,2014,2014,1,2014,2014
HSIC,Henry Schein,1000228,True,True,Henry Schein,0,,,0,,
HST,Host Hotels & Resorts,1070750,True,True,Host Hotels & Resorts,0,,,0,,
HSY,Hershey Company (The),47111,False,False,,0,,,0,,
HUBB,Hubbell Incorporated,48898,False,False,,0,,,0,,
HUM,Humana,49071,True,True,Humana,0,,,0,,
HWM,Howmet Aerospace,4281,True,False,Howmet Aerospace,0,,,0,,
IBKR,Interactive Brokers,1381197,True,True,Interactive Brokers Group,0,,,0,,
IBM,IBM,51143,True,False,IBM Corporation,0,,,0,,
ICE,Intercontinental Exchange,1571949,True,False,IntercontinentalExchange,0,,,0,,
IDXX,Idexx Laboratories,874716,False,False,,0,,,0,,
IEX,IDEX Corporation,832101,True,True,IDEX Corporation,0,,,0,,
IFF,International Flavors & Fragrances,51253,True,True,International Flavors & Fragrances,0,,,0,,
INCY,Incyte,879169,True,True,Incyte Corporation,0,,,0,,
INTC,Intel,50863,True,True,Intel Corporation,1,2014,2014,1,2014,2014
INTU,Intuit,896878,False,False,,0,,,0,,
INVH,Invitation Homes,1687229,True,True,Invitation Homes,0,,,0,,
IP,International Paper,51434,True,True,International Paper,0,,,0,,
IQV,IQVIA,1478242,False,False,,0,,,0,,
IR,Ingersoll Rand,1699150,True,True,Ingersoll-Rand,0,,,0,,
IRM,Iron Mountain,1020569,False,False,,0,,,0,,
ISRG,Intuitive Surgical,1035267,True,True,Intuitive Surgical,0,,,0,,
IT,Gartner,749251,False,False,,0,,,0,,
ITW,Illinois Tool Works,49826,True,True,Illinois Tool Works,0,,,0,,
IVZ,Invesco,914208,True,True,Invesco,0,,,0,,
J,Jacobs Solutions,52988,True,False,Jacobs Solutions,0,,,0,,
JBHT,J.B. Hunt,728535,False,False,,0,,,0,,
JBL,Jabil,898293,False,False,,0,,,0,,
JCI,Johnson Controls,833444,False,False,,0,,,0,,
JKHY,Jack Henry & Associates,779152,True,True,Jack Henry & Associates,0,,,0,,
JNJ,Johnson & Johnson,200406,True,True,Johnson&Johnson,1,2014,2014,1,2014,2014
JPM,JPMorgan Chase,19617,False,False,,0,,,0,,
KDP,Keurig Dr Pepper,1418135,True,False,Keurig Dr Pepper,0,,,0,,
KEY,KeyCorp,91576,True,True,KeyCorp,0,,,0,,
KEYS,Keysight Technologies,1601046,False,False,,0,,,0,,
KHC,Kraft Heinz,1637459,True,True,Kraft Heinz Company,0,,,0,,
KIM,Kimco Realty,879101,True,True,Kimco Realty,0,,,0,,
KKR,KKR & Co.,1404912,False,False,,0,,,0,,
KLAC,KLA Corporation,319201,True,True,KLA Corporation,0,,,0,,
KMB,Kimberly-Clark,55785,True,True,Kimberly-Clark Corporation,1,2014,2014,1,2014,2014
KMI,Kinder Morgan,1506307,True,True,Kinder Morgan,0,,,0,,
KO,Coca-Cola Company (The),21344,False,False,,0,,,0,,
KR,Kroger,56873,False,False,,0,,,0,,
KVUE,Kenvue,1944048,False,False,,0,,,0,,
L,Loews Corporation,60086,False,False,,0,,,0,,
LDOS,Leidos,1336920,True,True,Leidos,0,,,0,,
LEN,Lennar,920760,True,True,Lennar,0,,,0,,
LH,Labcorp,920148,False,False,,0,,,0,,
LHX,L3Harris,202058,False,False,,0,,,0,,
LII,Lennox International,1069202,False,False,,0,,,0,,
LIN,Linde plc,1707925,True,True,Linde PLC,0,,,0,,
LITE,Lumentum,1633978,False,False,,0,,,0,,
LLY,Lilly (Eli),59478,False,False,,0,,,0,,
LMT,Lockheed Martin,936468,True,True,Lockheed Martin,0,,,0,,
LNT,Alliant Energy,352541,True,True,Alliant Energy Corporation,0,,,0,,
LOW,Lowe's,60667,False,False,,0,,,0,,
LRCX,Lam Research,707549,True,True,Lam Research,0,,,0,,
LULU,Lululemon Athletica,1397187,True,True,lululemon athletica,0,,,0,,
LUV,Southwest Airlines,92380,True,True,Southwest Airlines,0,,,0,,
LVS,Las Vegas Sands,1300514,True,True,Las Vegas Sands,0,,,0,,
LYB,LyondellBasell,1489393,False,False,,0,,,0,,
LYV,Live Nation Entertainment,1335258,False,False,,0,,,0,,
MA,Mastercard,1141391,False,False,,0,,,0,,
MAA,Mid-America Apartment Communities,912595,True,True,Mid-America Apartment Communities,0,,,0,,
MAR,Marriott International,1048286,True,True,Marriott International,1,2014,2014,1,2014,2014
MAS,Masco,62996,True,True,Masco,1,2014,2014,1,2014,2014
MCD,McDonald's,63908,True,True,McDonald's Corporation,1,2014,2014,1,2014,2014
MCHP,Microchip Technology,827054,True,True,Microchip Technology,0,,,0,,
MCK,McKesson Corporation,927653,False,False,,0,,,0,,
MCO,Moody's Corporation,1059556,False,False,,0,,,0,,
MDLZ,Mondelez International,1103982,True,True,Mondelez International,0,,,0,,
MDT,Medtronic,1613103,True,True,Medtronic,0,,,0,,
MET,MetLife,1099219,True,True,MetLife,0,,,0,,
META,Meta Platforms,1326801,False,False,,0,,,0,,
MGM,MGM Resorts,789570,True,True,MGM Resorts,0,,,0,,
MKC,McCormick & Company,63754,False,False,,0,,,0,,
MLM,Martin Marietta Materials,916076,True,True,Martin Marietta Materials,0,,,0,,
MMM,3M,66740,True,True,3M Company,1,2014,2014,1,2014,2014
MNST,Monster Beverage,865752,True,True,Monster Beverage,0,,,0,,
MO,Altria,764180,True,True,Altria Group,0,,,0,,
MOS,Mosaic Company (The),1285785,False,False,,0,,,0,,
MPC,Marathon Petroleum,1510295,True,True,Marathon Petroleum,0,,,0,,
MPWR,Monolithic Power Systems,1280452,False,False,,0,,,0,,
MRK,Merck & Co.,310158,False,False,,0,,,0,,
MRNA,Moderna,1682852,False,False,,0,,,0,,
MRSH,Marsh McLennan,62709,True,True,Marsh & McLennan,0,,,0,,
MRVL,Marvell Technology,1835632,False,False,,0,,,0,,
MS,Morgan Stanley,895421,True,True,Morgan Stanley,0,,,0,,
MSCI,MSCI,1408198,False,False,,0,,,0,,
MSFT,Microsoft,789019,True,True,Microsoft Corporation,1,2014,2014,1,2014,2014
MSI,Motorola Solutions,68505,True,True,Motorola Solutions,0,,,0,,
MTB,M&T Bank,36270,True,True,M&T Bank,0,,,0,,
MTD,Mettler Toledo,1037646,True,False,Mettler Toledo,0,,,0,,
MU,Micron Technology,723125,True,True,Micron Technology,0,,,0,,
NCLH,Norwegian Cruise Line Holdings,1513761,False,False,,0,,,0,,
NDAQ,"Nasdaq, Inc.",1120193,False,False,,0,,,0,,
NDSN,Nordson Corporation,72331,True,True,Nordson Corporation,0,,,0,,
NEE,NextEra Energy,753308,True,True,NextEra Energy,0,,,0,,
NEM,Newmont,1164727,False,False,,0,,,0,,
NFLX,Netflix,1065280,True,True,Netflix,0,,,0,,
NI,NiSource,1111711,True,True,NiSource,0,,,0,,
NKE,"Nike, Inc.",320187,False,False,,0,,,0,,
NOC,Northrop Grumman,1133421,True,True,Northrop Grumman,0,,,0,,
NOW,ServiceNow,1373715,False,False,,0,,,0,,
NRG,NRG Energy,1013871,True,True,NRG Energy,0,,,0,,
NSC,Norfolk Southern,702165,True,True,Norfolk Southern,0,,,0,,
NTAP,NetApp,1002047,True,True,NetApp,0,,,0,,
NTRS,Northern Trust,73124,True,True,Northern Trust,0,,,0,,
NUE,Nucor,73309,True,True,Nucor,0,,,0,,
NVDA,Nvidia,1045810,True,True,NVIDIA,0,,,0,,
NVR,"NVR, Inc.",906163,False,False,,0,,,0,,
NWS,News Corp (Class B),1564708,True,True,News Corp,1,2014,2014,1,2014,2014
NWSA,News Corp (Class A),1564708,True,True,News Corp,1,2014,2014,1,2014,2014
NXPI,NXP Semiconductors,1413447,True,True,NXP Semiconductors,0,,,0,,
O,Realty Income,726728,True,True,Realty Income Corporation,0,,,0,,
ODFL,Old Dominion,878927,False,False,,0,,,0,,
OKE,Oneok,1039684,True,True,Oneok,0,,,0,,
OMC,Omnicom Group,29989,True,True,Omnicom Group,0,,,0,,
ON,ON Semiconductor,1097864,True,True,ON Semiconductor,0,,,0,,
ORCL,Oracle Corporation,1341439,False,False,,0,,,0,,
ORLY,O'Reilly Automotive,898173,True,True,O'Reilly Automotive,0,,,0,,
OTIS,Otis Worldwide,1781335,True,True,Otis Worldwide,0,,,0,,
OXY,Occidental Petroleum,797468,True,True,Occidental Petroleum,0,,,0,,
PANW,Palo Alto Networks,1327567,False,False,,0,,,0,,
PAYX,Paychex,723531,True,True,Paychex,0,,,0,,
PCAR,Paccar,75362,False,False,,0,,,0,,
PCG,PG&E Corporation,1004980,True,True,PG&E Corporation,0,,,0,,
PEG,Public Service Enterprise Group,788784,False,False,,0,,,0,,
PEP,PepsiCo,77476,False,False,,0,,,0,,
PFE,Pfizer,78003,True,True,Pfizer,1,2014,2014,1,2014,2014
PFG,Principal Financial Group,1126328,True,True,Principal Financial Group,0,,,0,,
PG,Procter & Gamble,80424,False,False,,0,,,0,,
PGR,Progressive Corporation,80661,True,False,Progressive Corporation,0,,,0,,
PH,Parker Hannifin,76334,True,True,Parker-Hannifin,0,,,0,,
PHM,PulteGroup,822416,True,True,PulteGroup,0,,,0,,
PKG,Packaging Corporation of America,75677,False,False,,0,,,0,,
PLD,Prologis,1045609,True,True,Prologis,0,,,0,,
PLTR,Palantir Technologies,1321655,True,True,Palantir Technologies,0,,,0,,
PM,Philip Morris International,1413329,True,True,Philip Morris International,1,2014,2014,1,2014,2014
PNC,PNC Financial Services,713676,True,True,PNC Financial Services,0,,,0,,
PNR,Pentair,77360,True,False,Pentair,0,,,0,,
PNW,Pinnacle West Capital,764622,False,False,,0,,,0,,
PODD,Insulet Corporation,1145197,True,True,Insulet Corporation,0,,,0,,
PPG,PPG Industries,79879,True,True,PPG Industries,0,,,0,,
PPL,PPL Corporation,922224,False,False,,0,,,0,,
PRU,Prudential Financial,1137774,True,True,Prudential Financial,0,,,0,,
PSA,Public Storage,1393311,True,True,Public Storage,0,,,0,,
PSKY,Paramount Skydance Corporation,2041610,True,True,Paramount Skydance Corporation,0,,,0,,
PSX,Phillips 66,1534701,True,True,Phillips 66,0,,,0,,
PTC,PTC Inc.,857005,False,False,,0,,,0,,
PWR,Quanta Services,1050915,True,True,Quanta Services,0,,,0,,
PYPL,PayPal,1633917,False,False,,0,,,0,,
Q,Qnity Electronics,2058873,True,True,Qnity Electronics,0,,,0,,
QCOM,Qualcomm,804328,True,True,Qualcomm,0,,,0,,
RCL,Royal Caribbean Group,884887,False,False,,0,,,0,,
RDDT,Reddit,1713445,False,False,,0,,,0,,
REG,Regency Centers,910606,True,True,Regency Centers Corporation,0,,,0,,
REGN,Regeneron Pharmaceuticals,872589,True,True,Regeneron Pharmaceuticals,0,,,0,,
RF,Regions Financial Corporation,1281761,False,False,,0,,,0,,
RJF,Raymond James Financial,720005,True,True,Raymond James Financial,0,,,0,,
RL,Ralph Lauren Corporation,1037038,True,True,Ralph Lauren Corporation,0,,,0,,
RMD,ResMed|,943819,False,False,,0,,,0,,
ROK,Rockwell Automation,1024478,True,True,Rockwell Automation,0,,,0,,
ROL,"Rollins, Inc.",84839,False,False,,0,,,0,,
ROP,Roper Technologies,882835,True,True,Roper Technologies,0,,,0,,
ROST,Ross Stores,745732,True,True,Ross Stores,0,,,0,,
RSG,Republic Services,1060391,True,True,Republic Services,0,,,0,,
RTX,RTX Corporation,101829,True,True,RTX Corporation,0,,,0,,
RVTY,Revvity,31791,False,False,,0,,,0,,
SBAC,SBA Communications,1034054,True,True,SBA Communications,0,,,0,,
SBUX,Starbucks,829224,True,True,Starbucks Corporation,0,,,0,,
SCHW,Charles Schwab Corporation,316709,False,False,,0,,,0,,
SHW,Sherwin-Williams,89800,True,True,Sherwin-Williams,0,,,0,,
SJM,J.M. Smucker Company (The),91419,False,False,,0,,,0,,
SLB,Schlumberger,87347,True,True,Schlumberger,0,,,0,,
SMCI,Supermicro,1375365,False,False,,0,,,0,,
SNA,Snap-on,91440,False,False,,0,,,0,,
SNDK,Sandisk,2023554,False,False,,0,,,0,,
SNPS,Synopsys,883241,False,False,,0,,,0,,
SO,Southern Company,92122,False,False,,0,,,0,,
SOLV,Solventum,1964738,False,False,,0,,,0,,
SPG,Simon Property Group,1063761,True,True,Simon Property Group,0,,,0,,
SPGI,S&P Global,64040,True,True,S&P Global,0,,,0,,
SRE,Sempra,1032208,False,False,,0,,,0,,
STE,Steris,1757898,False,False,,0,,,0,,
STLD,Steel Dynamics,1022671,True,True,Steel Dynamics,0,,,0,,
STT,State Street Corporation,93751,True,True,State Street Corporation,0,,,0,,
STX,Seagate Technology,1137789,True,True,Seagate Technology,0,,,0,,
STZ,Constellation Brands,16918,True,True,Constellation Brands,0,,,0,,
SW,Smurfit Westrock,2005951,False,False,,0,,,0,,
SWK,Stanley Black & Decker,93556,True,True,Stanley Black & Decker,0,,,0,,
SWKS,Skyworks Solutions,4127,False,False,,0,,,0,,
SYF,Synchrony Financial,1601712,True,True,Synchrony Financial,0,,,0,,
SYK,Stryker Corporation,310764,False,False,,0,,,0,,
SYY,Sysco,96021,True,True,Sysco,0,,,0,,
T,AT&T,732717,False,False,,0,,,0,,
TAP,Molson Coors Beverage Company,24545,False,False,,0,,,0,,
TDG,TransDigm Group,1260221,True,True,TransDigm Group,0,,,0,,
TDY,Teledyne Technologies,1094285,True,True,Teledyne Technologies,0,,,0,,
TECH,Bio-Techne,842023,True,True,Bio-Techne Corporation,0,,,0,,
TEL,TE Connectivity,1385157,False,False,,0,,,0,,
TER,Teradyne,97210,False,False,,0,,,0,,
TFC,Truist Financial,92230,True,True,Truist Financial,0,,,0,,
TGT,Target Corporation,27419,False,False,,0,,,0,,
TJX,TJX Companies,109198,True,True,TJX Companies,0,,,0,,
TKO,TKO Group Holdings,1973266,False,False,,0,,,0,,
TMO,Thermo Fisher Scientific,97745,True,True,Thermo Fisher Scientific,0,,,0,,
TMUS,T-Mobile US,1283699,False,False,,0,,,0,,
TPL,Texas Pacific Land Corporation,1811074,False,False,,0,,,0,,
TPR,"Tapestry, Inc.",1116132,False,False,,0,,,0,,
TRGP,Targa Resources,1389170,False,False,,0,,,0,,
TRMB,Trimble Inc.,864749,False,False,,0,,,0,,
TROW,T. Rowe Price,1113169,False,False,,0,,,0,,
TRV,Travelers Companies (The),86312,False,False,,0,,,0,,
TSCO,Tractor Supply,916365,True,True,Tractor Supply,0,,,0,,
TSLA,"Tesla, Inc.",1318605,False,False,,0,,,0,,
TSN,Tyson Foods,100493,True,True,Tyson Foods,0,,,0,,
TT,Trane Technologies,1466258,False,False,,0,,,0,,
TTD,Trade Desk (The),1671933,False,False,,0,,,0,,
TTWO,Take-Two Interactive,946581,False,False,,0,,,0,,
TXN,Texas Instruments,97476,True,True,Texas Instruments,0,,,0,,
TXT,Textron,217346,True,True,Textron,0,,,0,,
TYL,Tyler Technologies,860731,False,False,,0,,,0,,
UAL,United Airlines Holdings,100517,False,False,,0,,,0,,
UBER,Uber,1543151,False,False,,0,,,0,,
UDR,"UDR, Inc.",74208,False,False,,0,,,0,,
UHS,Universal Health Services,352915,False,False,,0,,,0,,
ULTA,Ulta Beauty,1403568,False,False,,0,,,0,,
UNH,UnitedHealth Group,731766,True,True,UnitedHealth Group,1,2014,2014,1,2014,2014
UNP,Union Pacific Corporation,100885,False,False,,0,,,0,,
UPS,United Parcel Service,1090727,False,False,,0,,,0,,
URI,United Rentals,1067701,True,True,United Rentals,0,,,0,,
USB,U.S. Bancorp,36104,False,False,,0,,,0,,
V,Visa Inc.,1403161,False,False,,0,,,0,,
VEEV,Veeva Systems,1393052,False,False,,0,,,0,,
VICI,Vici Properties,1705696,True,True,VICI Properties,0,,,0,,
VLO,Valero Energy,1035002,True,True,Valero Energy,0,,,0,,
VLTO,Veralto,1967680,False,False,,0,,,0,,
VMC,Vulcan Materials Company,1396009,True,True,Vulcan Materials Company,0,,,0,,
VMRK,Vivmark Residential,906107,False,False,,0,,,0,,
VRSK,Verisk Analytics,1442145,True,True,Verisk Analytics,0,,,0,,
VRSN,Verisign,1014473,False,False,,0,,,0,,
VRT,Vertiv,1674101,False,False,,0,,,0,,
VRTX,Vertex Pharmaceuticals,875320,True,True,Vertex Pharmaceuticals,0,,,0,,
VST,Vistra Corp.,1692819,False,False,,0,,,0,,
VTR,Ventas,740260,True,True,Ventas,0,,,0,,
VTRS,Viatris,1792044,False,False,,0,,,0,,
VZ,Verizon,732712,False,False,,0,,,0,,
WAB,Wabtec,943452,True,False,Wabtec,0,,,0,,
WAT,Waters Corporation,1000697,True,True,Waters Corporation,0,,,0,,
WBD,Warner Bros. Discovery,1437107,False,False,,0,,,0,,
WDAY,"Workday, Inc.",1327811,False,False,,0,,,0,,
WDC,Western Digital,106040,True,True,Western Digital,0,,,0,,
WEC,WEC Energy Group,783325,False,False,,0,,,0,,
WELL,Welltower,766704,False,False,,0,,,0,,
WFC,Wells Fargo,72971,True,True,Wells Fargo,1,2014,2014,1,2014,2014
WM,Waste Management,823768,False,False,,0,,,0,,
WMB,Williams Companies,107263,False,False,,0,,,0,,
WMT,Walmart,104169,True,True,Walmart,0,,,0,,
WRB,W. R. Berkley Corporation,11544,False,False,,0,,,0,,
WSM,"Williams-Sonoma, Inc.",719955,False,False,,0,,,0,,
WST,West Pharmaceutical Services,105770,False,False,,0,,,0,,
WTW,Willis Towers Watson,1140536,False,False,,0,,,0,,
WY,Weyerhaeuser,106535,True,True,Weyerhaeuser,0,,,0,,
WYNN,Wynn Resorts,1174922,True,True,Wynn Resorts,0,,,0,,
XEL,Xcel Energy,72903,True,True,Xcel Energy,0,,,0,,
XOM,ExxonMobil,2115436,True,False,Exxon Mobil,0,,,0,,
XYL,Xylem Inc.,1524472,False,False,,0,,,0,,
XYZ,"Block, Inc.",1512673,False,False,,0,,,0,,
YUM,Yum! Brands,1041061,False,False,,0,,,0,,
ZBH,Zimmer Biomet,1136869,False,False,,0,,,0,,
ZBRA,Zebra Technologies,877212,True,True,Zebra Technologies Corporation,0,,,0,,
ZTS,Zoetis,1555280,True,True,Zoetis,0,,,0,,
